account,post_date,pulled_date,format,views,likes,comments,shares,is_outlier,ebay_live,creator_tagged,community_in_caption,paid_label,caption,item_id,url
ebay.de,2026-09-18,2026-10-05,video-slideshow,294700,2125,3,6,False,yes,@thatsonyi,luxury/fashion,,"Fashion-Fans aufgepasst! 🛍️

8 Tage lang Flash Deals & Live-Auktionen ab 1 € bei eBay Live – vom 20.–27.9.2026.

Die Wishliste von Onyi reicht von Chanel & Louis Vuitton bis Stüssy. 👜👕 Und sie hat einen Tipp für euch: Nutzt den Live-Chat und lasst euch Details zu Ecken, Hardware & Innenfutter zeigen, bevor ihr bietet.
#eBayLive #thingspeoplelove @thatsonyi",0f76a423bfbd60543ea293ae,https://www.tiktok.com/@ebay.de/video/7686772227752086806
ebay.de,2026-09-17,2026-10-05,video-slideshow,299800,1548,4,16,False,yes,@keinpart2,sports cards; Pokemon/TCG; toys/collectibles,,"Collectibles-Fans aufgepasst! 🔥

8 Tage lang Flash Deals & Live-Auktionen ab 1 € bei eBay Live – vom 20.–27.9.2026.

Kennys persönliches Highlight: eine ultra seltene Lennart Karl Topps Chrome 1/1 Rookie-Autogrammkarte. ⚽️ Die könnt ihr am 27.9. um 18 Uhr bei eBay Live ergattern.

Aber auch darüber hinaus gibt’s jede Menge Collectibles-Highlights – von LEGO über Pokémon TCG bis hin zu Fußball-Trading-Cards. 
#eBayLive @keinpart2",ff03e70a5313fd538a4ea945,https://www.tiktok.com/@ebay.de/video/7686417729972243735
ebay.de,2026-09-16,2026-10-05,image-slideshow,587300,261,4,1,False,yes,,sports cards,,"➡️ Swipe für die Auflösung und sei am 20.09., um 19 Uhr beim Fußball Sonntag Special mit Lukas Podolski und Bastian Schweinsteiger live bei eBay Live dabei.

Dich erwarten Flash Deals & Live-Auktionen ab 1 € – vielleicht ergatterst du ja sogar das Jersey deines Lieblingsfußballers. 👕⚽️",0c84146d9e01a7d5a569a2f8,https://www.tiktok.com/@ebay.de/video/7686062528752815382
ebay.de,2026-09-16,2026-10-05,video-slideshow,324600,1661,4,16,False,yes,@blondminh,toys/collectibles; luxury/fashion; electronics,,"8 Tage lang Flash Deals & Live-Auktionen ab 1 €! 🔥
Vom 20.–27. September findest du bei eBay Live Deals zu Tech, Fashion & Collectibles.
Und bevor du bei Tech-Deals zuschlägst, hat Minh drei Tipps für dich, worauf du beim Shoppen achten solltest.
#eBayLive #thingspeoplelove @blondminh",b4614ae43f9c90391725bae9,https://www.tiktok.com/@ebay.de/video/7686039505643572502
ebay.de,2026-09-10,2026-10-05,video-slideshow,642900,3657,6,27,False,yes,@jaennasjourney,general/none named,,"Egal, was du gerade machst, bei eBay Live gibt es immer etwas Neues zu entdecken: 3... 2... 1... Live und rein in die Welt voller Angebote aus unterschiedlichsten Themenwelten. ✨
#eBayLive @jaennasjourney",267e01a152909102f816de3e,https://www.tiktok.com/@ebay.de/video/7683831746533526806
ebay.de,2026-09-08,2026-10-05,video-slideshow,1300000,2385,13,39,False,,@crispyrob,toys/collectibles,,"Für den perfekten Sammlerkreislauf. 🔁 🙌
Mit dem eBay KI Tool kannst du ganz easy und gebührenfrei Platz für neue Collectibles in deiner Sammlung schaffen und damit gleichzeitig anderen eine Freude machen.
#ebay #thingspeoplelove #freeselling @crispyrob",7ce2fd50f864ba24d6ab2b1b,https://www.tiktok.com/@ebay.de/video/7683089345368116502
ebay.de,2026-09-02,2026-10-05,video-slideshow,814400,1847,24,42,False,,@slap.auction,Pokemon/TCG,,Wie viele Punkte hättet ihr euch gesichert? @slap.auction haben sich unserer Challenge gestellt und ihr Expertenwissen rund um Pokémon unter Beweis gestellt.,590b880941bc48d223749adc,https://www.tiktok.com/@ebay.de/video/7680843532071980310
ebay.de,2026-09-01,2026-10-05,video-slideshow,742400,1308,5,26,False,,@lee.andy,electronics,,"Mit eBay auf der IFA in Berlin 🚀
Macht vor Ort am Stand bei spannenden Aktionen und Gewinnspielen mit. Oder sichert euch in unseren Livestreams von der Booth ganz besondere Tech-Deals.
🗓️  4.-8. September 2026
📍 Halle 20 | Palais, Nordeingang
@lee.andy",71e914619d39a483164bba16,https://www.tiktok.com/@ebay.de/video/7680470230073642262
ebay.de,2026-08-27,2026-10-05,video-slideshow,2100000,16500,42,367,True,,@thatsonyi,luxury/fashion,,"Aussortieren und gleichzeitig die Summer Goals finanzieren? I’m in. 🤝🏾☀️ Mit meiner 3-2-1-Methode verkaufe ich Pieces, die ich nicht mehr trage, easy und gebührenfrei bei eBay und fülle damit im besten Fall direkt meine nächste Urlaubskasse. 🤍
#ebay #preloved #summergoals @thatsonyi",232f001f3aa97b227e65c335,https://www.tiktok.com/@ebay.de/video/7678643879649742102
ebay.de,2026-08-25,2026-10-05,video,1200000,4885,10,50,,yes,@chrishaimerl @ansogramm,general/none named,,"3... 2... 1... eBay Live, egal wo du bist Live bieten, mitfiebern und neues Lieblingspiece sichern.
#eBayLive #thingspeoplelove @chrishaimerl @ansogramm",db3f337ddb9a3903f73f2ebb,https://www.tiktok.com/@ebay.de/video/7677869038852132118
ebay.de,2026-08-21,2026-10-05,video-slideshow,1100000,3295,63,110,True,yes,@paulasenfkorn,toys/collectibles,,"Lego kann ein Investment sein?
@paulasenfkorn überprüft das bei eBay Live und ersteigert dabei mehr als nur eine seltene Figur. 🥰
#eBayLive #thingspeoplelove",cf4f8be2c1a1013a557323ef,https://www.tiktok.com/@ebay.de/video/7676379524061220118
ebay.de,2026-08-20,2026-10-05,video-slideshow,1700000,7929,66,109,True,,@ebay_de @papamausi,general/none named,yes,"Anzeige | Diesen Sommer werden die Festivals finanziert mit meinen Verkäufen. Easy und gebührenfrei bei @‌ebay_de 
#ebay #thingspeoplelove @papamausi",480be6b20fe1938a6cab886c,https://www.tiktok.com/@ebay.de/video/7676121397835435286
ebay.de,2026-08-18,2026-10-05,video-slideshow,1321,10,0,0,False,yes,@donniehof,electronics,,"3... 2... 1... eBay Live. Shoppe Electronics live im Stream bei geprüften Seller:innen.
#ebay #thingspeoplelove #eBayLive @donniehof",4e2be6a67ce46b7980781428,https://www.tiktok.com/@ebay.de/video/7675275776106892546
ebay.de,2026-08-14,2026-10-05,video-slideshow,825200,3765,25,123,False,yes,@Alexavius,luxury/fashion,,Ihr mögt eure Fashion Drops am liebsten exklusiv und limitiert? Schaut mal bei eBay Live vorbei und findet dort euer nächstes Lieblingspiece. Das geht von überall und dank des bekannten eBay-Käuferschutzes kauft ihr dort auch immer sicher ein. @Alexavius,12c31857032f8e7960baf0c2,https://www.tiktok.com/@ebay.de/video/7673857023171251489
ebay.de,2026-08-13,2026-10-05,video-slideshow,809000,2374,14,28,False,,,electronics; motors/parts,,"Smartphone oder Navi?
Mari testet für euch die Vor- und Nachteile beider Navigationsmöglichkeiten für eure nächste Motorradtour.
Und egal, wie ihr euch entscheidet: Ihr findet beides bei eBay!
#ebay #thingspeoplelove #ebaymotors #ebayfahrzeugteile",d5e6e0a5167eb5cf690817d6,https://www.tiktok.com/@ebay.de/video/7673439045850123552
ebay.de,2026-08-11,2026-10-05,video-slideshow,737900,757,1,18,False,yes,@justCaan,general/none named,,"Dein Tag. Deine Kategorie. Dein eBay Live. ✨
Entdecke jede Woche neue Live-Streams rund um deine Lieblingskategorien und hol dir die besten Deals! 👀 @justCaan",a4c622b5e987ae0006a9518f,https://www.tiktok.com/@ebay.de/video/7672750132911279392
ebay.de,2026-08-07,2026-10-05,video-slideshow,1000000,1684,5,14,False,yes,@Alina,toys/collectibles; luxury/fashion,,"Woche für Woche. Stream für Stream!
Vom Luxus-Dienstag bis hin zum Spielzeug Sonntag findet ihr bei eBay Live die ganze Woche über Streams aus unterschiedlichen Produktkategorien. Schaltet ein, entdeckt eure Highlights und sichert euch die besten Deals. ✨@Alina Khani",28012ed285b997e553864858,https://www.tiktok.com/@ebay.de/video/7671204214235860256
