account,account_type,account_note,account_name,post_date,pulled_date,views,likes,comments,shares,caption_language,ebay_related,ebay_live,caption,ai_summary,onscreen_text,production_style,content_type,is_commercial,has_adology_analysis,url
airliftvintage,shop,"vintage streetwear, eBay Live auctions",Shopairlift,2026-08-17,2026-10-05,5523,56,3,2,German,yes,,"Ich hätte nicht gedacht, dass das funktioniert. 💀

Jetzt bin ich gespannt, wie ihr das seht… 👀

⠀⠀⠀⠀⠀⠀⠀⠀⠀⠀⠀⠀⠀⠀⠀⠀⠀⠀

Bis zu 5x die Woche live bei eBay 🧢
#Flohmarkt #Flohmarktfunde #FleaMarket #Vinta",,,,,,no,https://www.tiktok.com/@airliftvintage/video/7674909537748421920
airliftvintage,shop,"vintage streetwear, eBay Live auctions",Shopairlift,2026-08-18,2026-10-05,733,3,,,German,yes,yes,PlayStation 5 + Meta Glass 2 für 1€ Sofortkaufpreis! #ebaylive #ebay #livestream #metaglasses #playstation5,,,,,,no,https://www.tiktok.com/@airliftvintage/video/7675448910726303008
airliftvintage,shop,"vintage streetwear, eBay Live auctions",Shopairlift,2026-09-19,2026-10-05,789,6,,,hashtags only,yes,yes,#ps5 #livestream #giveaway #switch2 #ebaylive,,,,,,no,https://www.tiktok.com/@airliftvintage/video/7687200119501901089
airliftvintage,shop,"vintage streetwear, eBay Live auctions",Shopairlift,2026-09-20,2026-10-05,839,6,,,German,yes,yes,ZWISCHEN STREETWEAR UND VINTAGE PIECES GIBT ES EINE PS5 + SWITCH 2 FÜR JE 1€ SOFORTKAUF IM STREAM! #livestream #liveshopping #ebaylive #shopairlift #liveauktion,,,,,,no,https://www.tiktok.com/@airliftvintage/video/7687623089311452449
airliftvintage,shop,"vintage streetwear, eBay Live auctions",Shopairlift,2026-09-22,2026-10-05,828,5,1,,German,yes,yes,GEBEN UND NEHMEN SAGEN WIR DAZU 🚨 #ebaylive #livestreaming #liveauktion #shopairlift #ps5,,,,,,no,https://www.tiktok.com/@airliftvintage/video/7688328309570145568
airliftvintage,shop,"vintage streetwear, eBay Live auctions",Shopairlift,2026-09-28,2026-10-05,360,11,,,German,yes,yes,HEUTE 19:00 UHR BEI EBAY LIVE 🔥🔥 #ebaylive #liveauktion #supreme #travis #vintage,,,,,,no,https://www.tiktok.com/@airliftvintage/video/7690629388727045409
aureliehaas55,creator,eBay.de seller,Aurelie,2026-09-14,2026-10-05,286,2,,,German,yes,,"Jetzt auf eBay F?!:&, Vinted 🤣 #ebay #vinted #ebayreseller #resellercommunity #secondhand",,,,,,no,https://www.tiktok.com/@aureliehaas55/video/7685476797869296929
aureliehaas55,creator,eBay.de seller,Aurelie,2026-09-15,2026-10-05,246,1,1,,hashtags only,yes,,#ebay #ebayreseller #resellercommunity #secondhand,,,,,,no,https://www.tiktok.com/@aureliehaas55/video/7685818737601023264
aureliehaas55,creator,eBay.de seller,Aurelie,2026-09-16,2026-10-05,257,1,,,hashtags only,yes,,#ebay #ebayreseller #resellercommunity #secondhand #streetfashion,,,,,,no,https://www.tiktok.com/@aureliehaas55/video/7686053097780563232
aureliehaas55,creator,eBay.de seller,Aurelie,2026-09-17,2026-10-05,278,1,,,hashtags only,yes,,#ebay #ebayreseller #ebaydeutschland #secondhand #kleidung,,,,,,no,https://www.tiktok.com/@aureliehaas55/video/7686485272770530592
aureliehaas55,creator,eBay.de seller,Aurelie,2026-09-17,2026-10-05,232,0,1,,hashtags only,yes,,#ebay #ebayreseller #resellercommunity #secondhand #streetfashion,,,,,,no,https://www.tiktok.com/@aureliehaas55/video/7686462143247502625
aureliehaas55,creator,eBay.de seller,Aurelie,2026-09-19,2026-10-05,265,1,,,unclear,yes,,"eBay: aureliesylvie, kommt vorbei 😊 #ebay #ebayreseller #ebaydeutschland #resellercommunity",,,,,,no,https://www.tiktok.com/@aureliehaas55/video/7687356026357648673
aureliehaas55,creator,eBay.de seller,Aurelie,2026-09-23,2026-10-05,261,1,,,hashtags only,yes,,#tise #ebay #reseller #secondhandfashion #streetfashion,,,,,,no,https://www.tiktok.com/@aureliehaas55/video/7688620597932313889
aureliehaas55,creator,eBay.de seller,Aurelie,2026-09-24,2026-10-05,253,0,,,hashtags only,yes,,#ebay #reseller #secondhandfashion #streetfashion #ebaydeutschland,,,,,,no,https://www.tiktok.com/@aureliehaas55/video/7689155912916815136
aureliehaas55,creator,eBay.de seller,Aurelie,2026-09-25,2026-10-05,240,1,,,unclear,yes,,Ebay: aureliesylvie #ebay #reseller #secondhandfashion #streetfashion #ebaydeutschland,,,,,,no,https://www.tiktok.com/@aureliehaas55/video/7689436209118219553
aureliehaas55,creator,eBay.de seller,Aurelie,2026-09-27,2026-10-05,250,0,,,hashtags only,yes,,#ebay #secondhandfashion #reseller #streetfashion #ebaydeutschland,,,,,,no,https://www.tiktok.com/@aureliehaas55/video/7690288993581141280
aureliehaas55,creator,eBay.de seller,Aurelie,2026-09-27,2026-10-05,272,0,,,unclear,yes,,https://ebay.io/m/xfPT84 eBay: aureliesylvie #ebay #secondhandfashion #ebaydeutschland #reseller,,,,,,no,https://www.tiktok.com/@aureliehaas55/video/7690231865239751968
b2b_retourenbros,shop,"returns pallets, live auctions",Retourenbros,2026-08-17,2026-10-05,4282,41,45,9,German,yes,,100 Produkte an einem Tag auf ebay inserieren #retourenbros #ebay #ecommerce,,,,,,no,https://www.tiktok.com/@b2b_retourenbros/video/7674981691659652384
b2b_retourenbros,shop,"returns pallets, live auctions",Retourenbros,2026-08-25,2026-10-05,1361,27,3,2,German,yes,,Antwort auf @Auktion101 #ebay #retourenbros #ecommerce #onlineshop,,,,,,no,https://www.tiktok.com/@b2b_retourenbros/video/7677904858921405729
b2b_retourenbros,shop,"returns pallets, live auctions",Retourenbros,2026-09-02,2026-10-05,5223,52,3,3,hashtags only,yes,,#retourenbros #ecommerce #ebay #reseller,,,,,,no,https://www.tiktok.com/@b2b_retourenbros/video/7680999612789886240
b2b_retourenbros,shop,"returns pallets, live auctions",Retourenbros,2026-09-11,2026-10-05,3240,58,4,10,unclear,yes,,@scanlyai.de 100 Ebay Produkte an einem Tag inserieren #ecommerce #retourenbros #ebay #reseller,,,,,,no,https://www.tiktok.com/@b2b_retourenbros/video/7684222657860029729
b2b_retourenbros,shop,"returns pallets, live auctions",Retourenbros,2026-09-17,2026-10-05,9810,142,25,40,unclear,yes,,Sneaker Schuh Angebot. 100 Paar Schuhe #reseller #ecommerce #ebay,,,,,,no,https://www.tiktok.com/@b2b_retourenbros/video/7686496031483186465
b2b_retourenbros,shop,"returns pallets, live auctions",Retourenbros,2026-09-23,2026-10-05,1411,11,1,1,German,yes,,Antwort auf @Dominik.K. @scanlyai.de #ebay #reseller,,,,,,no,https://www.tiktok.com/@b2b_retourenbros/video/7688807830689828129
b2b_retourenbros,shop,"returns pallets, live auctions",Retourenbros,2026-09-23,2026-10-05,1030,11,1,3,German,yes,,Antwort auf @Neo369 @scanlyai.de #ebay #reseller,,,,,,no,https://www.tiktok.com/@b2b_retourenbros/video/7688807519057202464
b2b_retourenbros,shop,"returns pallets, live auctions",Retourenbros,2026-09-24,2026-10-05,1776,10,3,1,German,yes,,Antwort auf @L und S Retouren #ebay #reseller @scanlyai.de,,,,,,no,https://www.tiktok.com/@b2b_retourenbros/video/7688808926422355232
b2b_retourenbros,shop,"returns pallets, live auctions",Retourenbros,2026-09-26,2026-10-05,1617,17,3,1,German,yes,,Mega Herbst Winter Jacken für B2B #reseller #ecommerce #ebay,,,UGC-style,,,no,https://www.tiktok.com/@b2b_retourenbros/video/7689498324143017248
b2b_retourenbros,shop,"returns pallets, live auctions",Retourenbros,2026-10-04,2026-10-05,1352,14,4,4,German,yes,,275 Artikel auf ebay inseriert mit @scanlyai.de #reseller #ebay,,,,,,no,https://www.tiktok.com/@b2b_retourenbros/video/7692756159165402401
echtheitscheck,shop,"authentication service, eBay Live events",Echtheitscheck.de,2026-10-03,2026-10-05,381,4,,1,German,yes,yes,"Wir sehe man uns am Montag bei @eBay Deutschland 
#echtheitscheck #ebaylive #livestream",,,Native Social,,,no,https://www.tiktok.com/@echtheitscheck/video/7692523888495922464
packmysales0,creator,reseller packing eBay.de sales,packmysales0,2026-08-10,2026-10-05,841,62,1,,hashtags only,yes,,#foryou #forupage #ebay #skylanders,,,,,,no,https://www.tiktok.com/@packmysales0/video/7672342516963740961
packmysales0,creator,reseller packing eBay.de sales,packmysales0,2026-08-11,2026-10-05,972,54,1,6,hashtags only,yes,,#foryou #forupage #ebay #watch #packages,,,,,,no,https://www.tiktok.com/@packmysales0/video/7672764527108279585
packmysales0,creator,reseller packing eBay.de sales,packmysales0,2026-08-16,2026-10-05,3211,171,2,1,hashtags only,yes,,#foryou #forupage #ebay #packages #books,,,,,,no,https://www.tiktok.com/@packmysales0/video/7674657873879649568
packmysales0,creator,reseller packing eBay.de sales,packmysales0,2026-08-17,2026-10-05,1174,76,3,1,hashtags only,yes,,#foryou #forupage #ebay #packages #jamesbond,,,,,,no,https://www.tiktok.com/@packmysales0/video/7675022531664842017
packmysales0,creator,reseller packing eBay.de sales,packmysales0,2026-08-19,2026-10-05,912,81,1,,hashtags only,yes,,#foryou #forupage #ebay #packages #lego,,,,,,no,https://www.tiktok.com/@packmysales0/video/7675761574321147168
packmysales0,creator,reseller packing eBay.de sales,packmysales0,2026-08-21,2026-10-05,1429,75,1,,hashtags only,yes,,#foryou #forupage #ebay #packages,,,,,,no,https://www.tiktok.com/@packmysales0/video/7676511770751536417
packmysales0,creator,reseller packing eBay.de sales,packmysales0,2026-08-22,2026-10-05,2654,139,3,7,hashtags only,yes,,#foryou #watch #ebay #packages #nintendo,,,,,,no,https://www.tiktok.com/@packmysales0/video/7676811210251177249
packmysales0,creator,reseller packing eBay.de sales,packmysales0,2026-08-24,2026-10-05,3724,188,4,3,hashtags only,yes,,#foryou #ebay #packages #serie,,,,,,no,https://www.tiktok.com/@packmysales0/video/7677601855936974113
packmysales0,creator,reseller packing eBay.de sales,packmysales0,2026-08-27,2026-10-05,2311,164,3,1,hashtags only,yes,,#foryou #ebay #packages #dragonball #manga,,,,,,no,https://www.tiktok.com/@packmysales0/video/7678593581786860832
packmysales0,creator,reseller packing eBay.de sales,packmysales0,2026-08-30,2026-10-05,2383,153,4,,English/other,yes,,Leave a Like and a Comment  #ebay #foryou #packages #watch,,,,,,no,https://www.tiktok.com/@packmysales0/video/7679876673709329696
packmysales0,creator,reseller packing eBay.de sales,packmysales0,2026-09-03,2026-10-05,3371,202,9,1,English/other,yes,,See what I Sold Today- #foryou #ebay #packages #roadto1k #viral,,,,,,no,https://www.tiktok.com/@packmysales0/video/7681223919260503328
packmysales0,creator,reseller packing eBay.de sales,packmysales0,2026-09-04,2026-10-05,3970,273,5,3,unclear,yes,,Leave a follow..#foryou #ebay #packages #roadto1k #viral,,,,,,no,https://www.tiktok.com/@packmysales0/video/7681593351702973728
packmysales0,creator,reseller packing eBay.de sales,packmysales0,2026-09-06,2026-10-05,3026,228,3,3,English/other,yes,,Hope you Like the Video #foryou #ebay #packages #roadto1k #viral,,,,,,no,https://www.tiktok.com/@packmysales0/video/7682305763439660321
packmysales0,creator,reseller packing eBay.de sales,packmysales0,2026-09-11,2026-10-05,6433,384,11,4,English/other,yes,,Hope you Like It. #foryou #ebay #packages #roadto1k #nerf,,,,,,no,https://www.tiktok.com/@packmysales0/video/7684145085503524129
packmysales0,creator,reseller packing eBay.de sales,packmysales0,2026-09-12,2026-10-05,4346,257,8,5,English/other,yes,,What I Sold Today #foryou #ebay #roadto1k #viral #manga,,,,,,no,https://www.tiktok.com/@packmysales0/video/7684541733614505249
packmysales0,creator,reseller packing eBay.de sales,packmysales0,2026-09-13,2026-10-05,2680,155,3,3,English/other,yes,,"Like, comment and follow #foryou #ebay #roadto1k #viral #manga",,,,,,no,https://www.tiktok.com/@packmysales0/video/7684990405422615841
packmysales0,creator,reseller packing eBay.de sales,packmysales0,2026-09-16,2026-10-05,3572,246,8,2,unclear,yes,,Little Upgrade.#foryou #ebay #roadto1k #viral #phone,,,,,,no,https://www.tiktok.com/@packmysales0/video/7685993943011478817
packmysales0,creator,reseller packing eBay.de sales,packmysales0,2026-09-24,2026-10-05,3795,163,9,,English/other,yes,,Thanks for 250 Follower✅ - next 500 - #foryou #ebay #roadto1k #viral #samsung,,,,,,no,https://www.tiktok.com/@packmysales0/video/7688963926909848864
packmysales0,creator,reseller packing eBay.de sales,packmysales0,2026-09-25,2026-10-05,2255,180,9,,unclear,yes,,Like comment follow - #foryou #ebay #roadto1k #viral #guitar,,,,,,no,https://www.tiktok.com/@packmysales0/video/7689337326828342560
virello__shop,shop,"bags, eBay.de listings",virello-shop,2026-09-11,2026-10-05,302,3,,,hashtags only,yes,,#deal #viral #ebayde #foryoupage #dream,,,,,,no,https://www.tiktok.com/@virello__shop/video/7684353498309233953
airliftvintage,shop,"vintage streetwear, eBay Live auctions",Shopairlift,2026-08-15,2026-10-05,3693,93,1,4,unclear,no,,Prada schuhe angeblich original! #flohmarkt #flohmarkteinkauf #fleamarket #prada #vintage,,,,,,no,https://www.tiktok.com/@airliftvintage/video/7674189346601258272
airliftvintage,shop,"vintage streetwear, eBay Live auctions",Shopairlift,2026-08-20,2026-10-05,2839,39,5,1,German,no,,Ps5 + meta für 1€ #geschenke #giveaway #ps5 #metaglass #livestream,,,,,,no,https://www.tiktok.com/@airliftvintage/video/7676229924117679393
airliftvintage,shop,"vintage streetwear, eBay Live auctions",Shopairlift,2026-09-02,2026-10-05,873,5,,,German,no,,MITTWOCH 20:00 UHR LIVE BEI WHATNOT 🔥🔥🔥 #whatnot #livestream #jerseys #streetwear #giveaway,,,,,,no,https://www.tiktok.com/@airliftvintage/video/7680870839100788001
airliftvintage,shop,"vintage streetwear, eBay Live auctions",Shopairlift,2026-09-08,2026-10-05,946,10,,3,German,no,,HEUTE LIVE AB 19:00 UHR BEI WHATNOT 🔥🔥 #livestream #designer #streetwear #liveauction #auktion,,,,,,no,https://www.tiktok.com/@airliftvintage/video/7683200368250981664
airliftvintage,shop,"vintage streetwear, eBay Live auctions",Shopairlift,2026-09-23,2026-10-05,331,2,,,German,no,,Gönnt ihr uns dir 10k Follower? Aktuell noch nicht! 1.3 Mio aber nicht mal 6k Follower… #shopairlift #follower #giveaway #ps5 #liveauktion,,,,,,no,https://www.tiktok.com/@airliftvintage/video/7688705924780870944
airliftvintage,shop,"vintage streetwear, eBay Live auctions",Shopairlift,2026-10-02,2026-10-05,343,13,,,German,no,,FREITAG AB 14:00 UHR LIVE AUF WHATNOT - LIVESTREAM FAST ALLES AB 1€ #bape #stussy #streetwear #live,,,,,,no,https://www.tiktok.com/@airliftvintage/video/7692023932878081312
aureliehaas55,creator,eBay.de seller,Aurelie,2026-08-15,2026-10-05,286,1,1,,hashtags only,no,,#vinted #reselling #kleidung #secondhandclothes,,,,,,no,https://www.tiktok.com/@aureliehaas55/video/7674302169960484129
aureliehaas55,creator,eBay.de seller,Aurelie,2026-08-18,2026-10-05,289,5,5,,German,no,,„Einige Teile sind ungetragen – faire Preisvorschläge sind willkommen 😊“ kommt vorbei @aureliesylvie #vinted #seconhandclothing #kleidung #streetfashion,,,,,,no,https://www.tiktok.com/@aureliehaas55/video/7675453140186991904
aureliehaas55,creator,eBay.de seller,Aurelie,2026-08-18,2026-10-05,307,2,3,,hashtags only,no,,#vinted #secondhandfashion #clothes #kleidung #shirt,,,,,,no,https://www.tiktok.com/@aureliehaas55/video/7675342084110306593
aureliehaas55,creator,eBay.de seller,Aurelie,2026-08-19,2026-10-05,293,4,6,,hashtags only,no,,#vinted #secondhandfashion #kleidung #streetfashion,,,,,,no,https://www.tiktok.com/@aureliehaas55/video/7675716083151605024
aureliehaas55,creator,eBay.de seller,Aurelie,2026-08-22,2026-10-05,331,6,3,,hashtags only,no,,#vinted #vintedhaul #seconhandclothing #secondhandfashion #kleidung,,,,,,no,https://www.tiktok.com/@aureliehaas55/video/7676929819275300129
aureliehaas55,creator,eBay.de seller,Aurelie,2026-08-26,2026-10-05,283,5,3,,hashtags only,no,,#vinted #secondhandfashion #seconhandclothing #kleidung,,,,,,no,https://www.tiktok.com/@aureliehaas55/video/7678245587157830944
aureliehaas55,creator,eBay.de seller,Aurelie,2026-08-28,2026-10-05,1132,67,187,1,hashtags only,no,,#vinted #vintedfinds #secondhandfashion #kleidung #streetfashion,,,,,,no,https://www.tiktok.com/@aureliehaas55/video/7679175300768386337
aureliehaas55,creator,eBay.de seller,Aurelie,2026-09-03,2026-10-05,295,3,,,hashtags only,no,,#vinted #vintedfinds #secondhandfashion #kleidung,,,,,,no,https://www.tiktok.com/@aureliehaas55/video/7681379738350374176
aureliehaas55,creator,eBay.de seller,Aurelie,2026-09-04,2026-10-05,309,5,10,1,,no,,,,,,,,no,https://www.tiktok.com/@aureliehaas55/video/7681782137527274784
aureliehaas55,creator,eBay.de seller,Aurelie,2026-09-04,2026-10-05,357,5,4,,hashtags only,no,,#vinted #vintedfinds #kleidung #secondhandfashion #vintedhaul,,,,,,no,https://www.tiktok.com/@aureliehaas55/video/7681781429050690849
aureliehaas55,creator,eBay.de seller,Aurelie,2026-09-08,2026-10-05,346,14,21,,hashtags only,no,,#vinted #vintedfinds #kleidung #secondhandfashion,,,,,,no,https://www.tiktok.com/@aureliehaas55/video/7683236460807441696
aureliehaas55,creator,eBay.de seller,Aurelie,2026-09-10,2026-10-05,266,3,2,,hashtags only,no,,#vinted #vintedfinds #kleidung #streetfashion #secondhandclothes,,,,,,no,https://www.tiktok.com/@aureliehaas55/video/7683998994426514721
aureliehaas55,creator,eBay.de seller,Aurelie,2026-09-14,2026-10-05,316,3,2,1,German,no,,"Kleines Update für alle, die mir wegen meiner Verkäufe folgen 🤍

Mein Vinted-Konto wurde komplett gesperrt – mit der Begründung, dass angeblich mehrere meiner Artikel Fälschungen seien. Für mich abso",,,,,,no,https://www.tiktok.com/@aureliehaas55/video/7685476360432717088
aureliehaas55,creator,eBay.de seller,Aurelie,2026-09-14,2026-10-05,366,4,4,,German,no,,"Kleines Update für alle, die mir wegen meiner Verkäufe folgen 🤍

Mein Vinted-Konto wurde komplett gesperrt – mit der Begründung, dass angeblich mehrere meiner Artikel Fälschungen seien. Für mich abso",,,,,,no,https://www.tiktok.com/@aureliehaas55/video/7685470106020744481
aureliehaas55,creator,eBay.de seller,Aurelie,2026-09-20,2026-10-05,272,2,,,German,no,,Jetzt auch auf Tise 🥳 @aureliesylvie #tise #tisetok #reseller #resellercommunity,,,,,,no,https://www.tiktok.com/@aureliehaas55/video/7687660639736614176
aureliehaas55,creator,eBay.de seller,Aurelie,2026-09-21,2026-10-05,247,1,1,,unclear,no,,Schaut vorbei 😊 #tise #tisetok #reseller #streetfashion #secondhandfashion,,,,,,no,https://www.tiktok.com/@aureliehaas55/video/7688014057319796001
aureliehaas55,creator,eBay.de seller,Aurelie,2026-09-22,2026-10-05,265,0,,,hashtags only,no,,#tise #tisetok #reseller #secondhandfashion #kleidung,,,,,,no,https://www.tiktok.com/@aureliehaas55/video/7688391429634280736
b2b_retourenbros,shop,"returns pallets, live auctions",Retourenbros,2026-08-07,2026-10-05,2062,22,1,2,German,no,,Martin ist Back am Sonntag #selbstständig #retourenbros #tiktoklive #tiktokshop,,,,,,no,https://www.tiktok.com/@b2b_retourenbros/video/7671351998842686752
b2b_retourenbros,shop,"returns pallets, live auctions",Retourenbros,2026-08-11,2026-10-05,6828,39,5,5,German,no,,"Antwort auf @Adem,Can",,,,,,no,https://www.tiktok.com/@b2b_retourenbros/video/7672855340072979744
b2b_retourenbros,shop,"returns pallets, live auctions",Retourenbros,2026-08-11,2026-10-05,3821,18,5,4,,no,,,,,,,,no,https://www.tiktok.com/@b2b_retourenbros/video/7672798096962719009
b2b_retourenbros,shop,"returns pallets, live auctions",Retourenbros,2026-08-12,2026-10-05,1529,16,3,1,,no,,,,,High-Production Studio,,,no,https://www.tiktok.com/@b2b_retourenbros/video/7673216592242543904
b2b_retourenbros,shop,"returns pallets, live auctions",Retourenbros,2026-08-12,2026-10-05,1540,18,1,,,no,,,,,,,,no,https://www.tiktok.com/@b2b_retourenbros/video/7673077195144776992
b2b_retourenbros,shop,"returns pallets, live auctions",Retourenbros,2026-08-14,2026-10-05,3232,25,1,3,,no,,,,,,,,no,https://www.tiktok.com/@b2b_retourenbros/video/7673927622157454625
b2b_retourenbros,shop,"returns pallets, live auctions",Retourenbros,2026-08-14,2026-10-05,1593,17,1,,unclear,no,,Live Tiktok Shop Eskalation ab 1€ #tiktokshop #retourenbros,,,,,,no,https://www.tiktok.com/@b2b_retourenbros/video/7673749683839307040
b2b_retourenbros,shop,"returns pallets, live auctions",Retourenbros,2026-08-15,2026-10-05,3844,115,17,12,German,no,,#stitch mit @shoppen.mv #gofundme #unternehmer,,,,,,no,https://www.tiktok.com/@b2b_retourenbros/video/7674153743813840161
b2b_retourenbros,shop,"returns pallets, live auctions",Retourenbros,2026-08-15,2026-10-05,1795,30,,,German,no,,Antwort auf @xXTheEastManXx  Real oder Fake #retourenbros #unternehmer,,,,,,no,https://www.tiktok.com/@b2b_retourenbros/video/7674151968192908576
b2b_retourenbros,shop,"returns pallets, live auctions",Retourenbros,2026-08-17,2026-10-05,5031,56,24,,German,no,,Antwort auf @Boo,,,,,,no,https://www.tiktok.com/@b2b_retourenbros/video/7675015076427910433
b2b_retourenbros,shop,"returns pallets, live auctions",Retourenbros,2026-08-17,2026-10-05,1492,12,,,unclear,no,,Tiktok Live Shopping #retourenbros #TikTokLIVE,,,,,,no,https://www.tiktok.com/@b2b_retourenbros/video/7674965704143113504
b2b_retourenbros,shop,"returns pallets, live auctions",Retourenbros,2026-08-18,2026-10-05,1446,16,3,,German,no,,Antwort auf @Glückauf Deals,,,,,,no,https://www.tiktok.com/@b2b_retourenbros/video/7675364191976443168
b2b_retourenbros,shop,"returns pallets, live auctions",Retourenbros,2026-08-18,2026-10-05,6254,64,3,10,,no,,,,,,,,no,https://www.tiktok.com/@b2b_retourenbros/video/7675255474769431840
b2b_retourenbros,shop,"returns pallets, live auctions",Retourenbros,2026-08-19,2026-10-05,2070,23,3,1,,no,,,,,,,,no,https://www.tiktok.com/@b2b_retourenbros/video/7675685086280437024
b2b_retourenbros,shop,"returns pallets, live auctions",Retourenbros,2026-08-19,2026-10-05,1226,21,2,2,German,no,,Antwort auf @Carlos Vaz,,,,,,no,https://www.tiktok.com/@b2b_retourenbros/video/7675684851835538720
b2b_retourenbros,shop,"returns pallets, live auctions",Retourenbros,2026-08-20,2026-10-05,1854,36,6,1,,no,,,,,,,,no,https://www.tiktok.com/@b2b_retourenbros/video/7676117000975879457
b2b_retourenbros,shop,"returns pallets, live auctions",Retourenbros,2026-08-20,2026-10-05,1335,27,1,,,no,,,,,,,,no,https://www.tiktok.com/@b2b_retourenbros/video/7676021711145340193
b2b_retourenbros,shop,"returns pallets, live auctions",Retourenbros,2026-08-22,2026-10-05,10300,64,8,1,German,no,,Antwort auf @Mr.Poco.Loco,,,,,,no,https://www.tiktok.com/@b2b_retourenbros/video/7676855481083645217
b2b_retourenbros,shop,"returns pallets, live auctions",Retourenbros,2026-08-22,2026-10-05,1286,12,4,,German,no,,Antwort auf @Ralle,,,,,,no,https://www.tiktok.com/@b2b_retourenbros/video/7676854332091862305
b2b_retourenbros,shop,"returns pallets, live auctions",Retourenbros,2026-08-23,2026-10-05,1341,24,1,1,,no,,,,,Native Social,,,no,https://www.tiktok.com/@b2b_retourenbros/video/7677282447523843360
b2b_retourenbros,shop,"returns pallets, live auctions",Retourenbros,2026-08-24,2026-10-05,6383,28,1,2,German,no,,Ein vernünftiges Regalsystem ist wichtig 🚨 #retourenbros #ecommerce #ecommercetips,,,,,,no,https://www.tiktok.com/@b2b_retourenbros/video/7677632004082437408
b2b_retourenbros,shop,"returns pallets, live auctions",Retourenbros,2026-08-24,2026-10-05,2842,19,2,,German,no,,Umziehen ist so nervig #retourenbros #ecommerce,,,,,,no,https://www.tiktok.com/@b2b_retourenbros/video/7677570544086043937
b2b_retourenbros,shop,"returns pallets, live auctions",Retourenbros,2026-08-25,2026-10-05,857,7,,,,no,,,,,Catalog,,,no,https://www.tiktok.com/@b2b_retourenbros/video/7678027521866075424
b2b_retourenbros,shop,"returns pallets, live auctions",Retourenbros,2026-08-26,2026-10-05,1497,22,2,,,no,,,,,,,,no,https://www.tiktok.com/@b2b_retourenbros/video/7678358497037176096
b2b_retourenbros,shop,"returns pallets, live auctions",Retourenbros,2026-08-27,2026-10-05,1225,18,2,,,no,,,,,High-Production Studio,,,no,https://www.tiktok.com/@b2b_retourenbros/video/7678773700199533856
b2b_retourenbros,shop,"returns pallets, live auctions",Retourenbros,2026-08-31,2026-10-05,959,14,4,,,no,,,,,,,,no,https://www.tiktok.com/@b2b_retourenbros/video/7680215764061965600
b2b_retourenbros,shop,"returns pallets, live auctions",Retourenbros,2026-09-02,2026-10-05,746,4,3,1,,no,,,,,,,,no,https://www.tiktok.com/@b2b_retourenbros/video/7680857354082012449
b2b_retourenbros,shop,"returns pallets, live auctions",Retourenbros,2026-09-03,2026-10-05,3449,25,4,5,,no,,,,,,,,no,https://www.tiktok.com/@b2b_retourenbros/video/7681347972801629472
b2b_retourenbros,shop,"returns pallets, live auctions",Retourenbros,2026-09-03,2026-10-05,1534,24,2,,,no,,,,,,,,no,https://www.tiktok.com/@b2b_retourenbros/video/7681331417342676257
b2b_retourenbros,shop,"returns pallets, live auctions",Retourenbros,2026-09-08,2026-10-05,1595,15,1,,German,no,,"Retouren, Restposten und mehr. Bald ist es soweit",,,High-Production Studio,,,no,https://www.tiktok.com/@b2b_retourenbros/video/7683244271633288480
b2b_retourenbros,shop,"returns pallets, live auctions",Retourenbros,2026-09-09,2026-10-05,1518,24,3,,,no,,,,,,,,no,https://www.tiktok.com/@b2b_retourenbros/video/7683528690688347424
b2b_retourenbros,shop,"returns pallets, live auctions",Retourenbros,2026-09-10,2026-10-05,1812,27,3,5,German,no,,Live Tiktok Shopping und wir sind endlich wieder am Start. Ab 1€ #retourenbros #ecommerce #TikTokLIVE,,,,,,no,https://www.tiktok.com/@b2b_retourenbros/video/7683947929651989792
b2b_retourenbros,shop,"returns pallets, live auctions",Retourenbros,2026-09-11,2026-10-05,2078,17,1,2,,no,,,,,,,,no,https://www.tiktok.com/@b2b_retourenbros/video/7684311076317580577
b2b_retourenbros,shop,"returns pallets, live auctions",Retourenbros,2026-09-12,2026-10-05,3137,33,4,,German,no,,Antwort auf @fahd.acha,,,,,,no,https://www.tiktok.com/@b2b_retourenbros/video/7684618707968052512
b2b_retourenbros,shop,"returns pallets, live auctions",Retourenbros,2026-09-12,2026-10-05,3943,38,6,1,German,no,,Wie geht sowas?! Im Tiktok Shop soviel verkaufen in kurzer Zeit. #ecommerce #retourenbros #TikTokLIVE #tiktokshop,,,,,,no,https://www.tiktok.com/@b2b_retourenbros/video/7684543817868987680
b2b_retourenbros,shop,"returns pallets, live auctions",Retourenbros,2026-09-13,2026-10-05,2239,39,4,,German,no,,"Größenwahn wird euch 
zerstören #größenwahn #reseller #tiktokshop",,,,,,no,https://www.tiktok.com/@b2b_retourenbros/video/7685062205724691745
b2b_retourenbros,shop,"returns pallets, live auctions",Retourenbros,2026-09-14,2026-10-05,2398,24,2,,,no,,,,,,,,no,https://www.tiktok.com/@b2b_retourenbros/video/7685453986270416161
b2b_retourenbros,shop,"returns pallets, live auctions",Retourenbros,2026-09-14,2026-10-05,1398,3,,1,,no,,,,,Catalog,,,no,https://www.tiktok.com/@b2b_retourenbros/video/7685367956401900833
b2b_retourenbros,shop,"returns pallets, live auctions",Retourenbros,2026-09-16,2026-10-05,3535,34,3,2,,no,,,,,,,,no,https://www.tiktok.com/@b2b_retourenbros/video/7686143709133557025
b2b_retourenbros,shop,"returns pallets, live auctions",Retourenbros,2026-09-16,2026-10-05,8893,71,2,10,unclear,no,,Live Auktion 19:00,,,,,,no,https://www.tiktok.com/@b2b_retourenbros/video/7686171524566453536
b2b_retourenbros,shop,"returns pallets, live auctions",Retourenbros,2026-09-16,2026-10-05,2517,25,,6,German,no,,Warum macht ihr nicht tiktok Shop ? #reseller #ecommerce #tiktokshop #TikTokLIVE,,,,,,no,https://www.tiktok.com/@b2b_retourenbros/video/7686143452106591521
b2b_retourenbros,shop,"returns pallets, live auctions",Retourenbros,2026-09-17,2026-10-05,2822,27,,3,,no,,,,,,,,no,https://www.tiktok.com/@b2b_retourenbros/video/7686144685991103776
b2b_retourenbros,shop,"returns pallets, live auctions",Retourenbros,2026-09-18,2026-10-05,2156,19,,1,,no,,,,,,,,no,https://www.tiktok.com/@b2b_retourenbros/video/7686764615488802080
b2b_retourenbros,shop,"returns pallets, live auctions",Retourenbros,2026-09-21,2026-10-05,1769,16,3,3,German,no,,Antwort auf @Asenov,,,,,,no,https://www.tiktok.com/@b2b_retourenbros/video/7688040654533971232
b2b_retourenbros,shop,"returns pallets, live auctions",Retourenbros,2026-09-21,2026-10-05,2350,15,,1,,no,,,,,,,,no,https://www.tiktok.com/@b2b_retourenbros/video/7687909597637659936
b2b_retourenbros,shop,"returns pallets, live auctions",Retourenbros,2026-09-22,2026-10-05,1580,17,1,3,unclear,no,,Live Auktion 19⁰⁰ #liveshopping,,,,,,no,https://www.tiktok.com/@b2b_retourenbros/video/7688397459655118113
b2b_retourenbros,shop,"returns pallets, live auctions",Retourenbros,2026-09-23,2026-10-05,3359,39,14,8,,no,,,,,,,,no,https://www.tiktok.com/@b2b_retourenbros/video/7688810368822545696
b2b_retourenbros,shop,"returns pallets, live auctions",Retourenbros,2026-09-25,2026-10-05,2676,34,6,3,hashtags only,no,,#reseller #ecommerce #retourenbros #onlineshop,,,,,,no,https://www.tiktok.com/@b2b_retourenbros/video/7688815160496065825
b2b_retourenbros,shop,"returns pallets, live auctions",Retourenbros,2026-09-25,2026-10-05,1455,9,1,2,,no,,,,,,,,no,https://www.tiktok.com/@b2b_retourenbros/video/7689498701307448609
b2b_retourenbros,shop,"returns pallets, live auctions",Retourenbros,2026-09-25,2026-10-05,2785,16,,,,no,,,,,,,,no,https://www.tiktok.com/@b2b_retourenbros/video/7689497632590417185
b2b_retourenbros,shop,"returns pallets, live auctions",Retourenbros,2026-09-26,2026-10-05,1691,23,,1,hashtags only,no,,#erinnerung,,,UGC-style,,,no,https://www.tiktok.com/@b2b_retourenbros/video/7689730424368614688
b2b_retourenbros,shop,"returns pallets, live auctions",Retourenbros,2026-09-27,2026-10-05,1505,6,,,German,no,,Adventskalender mit Schmuck #advent #weihnachten,,,,,,no,https://www.tiktok.com/@b2b_retourenbros/video/7690276611177942305
b2b_retourenbros,shop,"returns pallets, live auctions",Retourenbros,2026-09-27,2026-10-05,1080,21,2,1,,no,,,,,,,,no,https://www.tiktok.com/@b2b_retourenbros/video/7690274388461047073
b2b_retourenbros,shop,"returns pallets, live auctions",Retourenbros,2026-09-28,2026-10-05,1481,9,,,,no,,,,,,,,no,https://www.tiktok.com/@b2b_retourenbros/video/7690607232110562592
b2b_retourenbros,shop,"returns pallets, live auctions",Retourenbros,2026-09-28,2026-10-05,1572,14,,,German,no,,Heute gibt es wieder eine Live Auction mit geilen neuen Artikel #tiktoklive,,,High-Production Studio,,,no,https://www.tiktok.com/@b2b_retourenbros/video/7690547010637745441
b2b_retourenbros,shop,"returns pallets, live auctions",Retourenbros,2026-09-29,2026-10-05,895,5,,,,no,,,,,,,,no,https://www.tiktok.com/@b2b_retourenbros/video/7690948553417477408
b2b_retourenbros,shop,"returns pallets, live auctions",Retourenbros,2026-09-29,2026-10-05,882,11,,,unclear,no,,Live Auktion 19⁰⁰ #liveshopping,,,,,,no,https://www.tiktok.com/@b2b_retourenbros/video/7690988758484798752
b2b_retourenbros,shop,"returns pallets, live auctions",Retourenbros,2026-10-02,2026-10-05,3100,30,4,2,,no,,,,,,,,no,https://www.tiktok.com/@b2b_retourenbros/video/7692106806675426592
b2b_retourenbros,shop,"returns pallets, live auctions",Retourenbros,2026-10-03,2026-10-05,1451,44,7,,unclear,no,,Kurzes Statement zu Tiktok live,,,,,,no,https://www.tiktok.com/@b2b_retourenbros/video/7692488319480909089
b2b_retourenbros,shop,"returns pallets, live auctions",Retourenbros,2026-10-03,2026-10-05,639,3,1,,,no,,,,,Native Social,,,no,https://www.tiktok.com/@b2b_retourenbros/video/7692391004128742688
diegoldfrau,creator,"jewelry, eBay Live streams",GoldFrau,2026-08-26,2026-10-05,6767,68,81,3,German,no,,"Klick auf folgen ❤️‍🔥 
#fürdich #gold #schmuck #goldfrau #türkisch",,,,,,no,https://www.tiktok.com/@diegoldfrau/video/7678354013150088480
diegoldfrau,creator,"jewelry, eBay Live streams",GoldFrau,2026-08-30,2026-10-05,3324,54,30,3,German,no,,"Klick das Plus weg :)
#fürdich #gold #schmuck #goldfrau #uhr",,,,,,no,https://www.tiktok.com/@diegoldfrau/video/7679857933332565280
diegoldfrau,creator,"jewelry, eBay Live streams",GoldFrau,2026-09-03,2026-10-05,1091,23,5,4,German,no,,"Klick das Plus weg 
#fürdich #gold #schmuck #goldfrau #cartier",,,,,,no,https://www.tiktok.com/@diegoldfrau/video/7681265010122837280
diegoldfrau,creator,"jewelry, eBay Live streams",GoldFrau,2026-09-08,2026-10-05,1212,30,10,8,German,no,,"Klick auf folgen 
#gold #schmuck #goldfrau #chef #mitarbeiter",,,,,,no,https://www.tiktok.com/@diegoldfrau/video/7683159974062640417
diegoldfrau,creator,"jewelry, eBay Live streams",GoldFrau,2026-09-09,2026-10-05,82100,1296,72,620,German,no,,"klick auf Folgen 
#fürdich  #gold #schmuck #goldfrau #rolex",,,,,,no,https://www.tiktok.com/@diegoldfrau/video/7683506867816926496
diegoldfrau,creator,"jewelry, eBay Live streams",GoldFrau,2026-09-12,2026-10-05,3438,53,59,2,German,no,,"Klick auf folgen ❤️‍🔥 
#fürdich #gold #schmuck #goldfrau #kette",,,,,,no,https://www.tiktok.com/@diegoldfrau/video/7684540489760132385
diegoldfrau,creator,"jewelry, eBay Live streams",GoldFrau,2026-09-15,2026-10-05,1323,28,2,,German,no,,"Klick auf folgen ❤️‍🔥 
#fürdich #gold #schmuck #cartier #essencity",,,,,,no,https://www.tiktok.com/@diegoldfrau/video/7685732378479791393
diegoldfrau,creator,"jewelry, eBay Live streams",GoldFrau,2026-09-16,2026-10-05,5320,57,14,,German,no,,"Klick das Plus weg ➡️➡️
#fürdich #gold #schmuck #goldfrau #münze",,,,,,no,https://www.tiktok.com/@diegoldfrau/video/7686125324551097633
diegoldfrau,creator,"jewelry, eBay Live streams",GoldFrau,2026-09-18,2026-10-05,1124,35,25,,German,no,,"Klick auf folgen ➡️➡️
#fürdich #gold #schmuck #goldfrau #entspannung",,,,,,no,https://www.tiktok.com/@diegoldfrau/video/7686788308759776544
diegoldfrau,creator,"jewelry, eBay Live streams",GoldFrau,2026-09-22,2026-10-05,1274,39,18,1,German,no,,"Klick auf folgen ➡️➡️
#fürdich #gold #goldfrau #tennis #armband",,,,,,no,https://www.tiktok.com/@diegoldfrau/video/7688281780486524193
diegoldfrau,creator,"jewelry, eBay Live streams",GoldFrau,2026-09-23,2026-10-05,153800,2570,1347,50,German,no,,"Klick auf folgen ➡️
#fürdich #gold #schmuck #goldfrau #kette",,,,,,no,https://www.tiktok.com/@diegoldfrau/video/7688734508752833824
diegoldfrau,creator,"jewelry, eBay Live streams",GoldFrau,2026-09-26,2026-10-05,694,17,14,,German,no,,"Klick auf folgen ➡️➡️➡️
#fürdich #gold #schmuck #goldfrau #rolex",,,,,,no,https://www.tiktok.com/@diegoldfrau/video/7689798722267499809
diegoldfrau,creator,"jewelry, eBay Live streams",GoldFrau,2026-09-29,2026-10-05,732,17,29,,German,no,,"Klick auf folgen ➡️➡️➡️
#fürdich  #gold #schmuck #türkei  #münzen",,,,,,no,https://www.tiktok.com/@diegoldfrau/video/7690918442081193249
diegoldfrau,creator,"jewelry, eBay Live streams",GoldFrau,2026-10-03,2026-10-05,993,29,21,5,German,no,,"Klick auf folgen ➡️➡️
#fürdich #gold #schmuck #goldfrau #kette",,,,,,no,https://www.tiktok.com/@diegoldfrau/video/7692350319115734304
echtheitscheck,shop,"authentication service, eBay Live events",Echtheitscheck.de,2026-08-07,2026-10-05,835,6,,,,no,,,,,Professional digital infographic design with high-end editorial styling,,,no,https://www.tiktok.com/@echtheitscheck/video/7671221331706301729
echtheitscheck,shop,"authentication service, eBay Live events",Echtheitscheck.de,2026-08-09,2026-10-05,350,5,,,German,no,,"Wie schön ist sie bitte? 💗
#echtheitscheck #ladyd 
#secondhand",,,,,,no,https://www.tiktok.com/@echtheitscheck/video/7672113752732421409
echtheitscheck,shop,"authentication service, eBay Live events",Echtheitscheck.de,2026-08-09,2026-10-05,855,5,,,hashtags only,no,,#echtheitscheck #loulou #ysl #secondhand,,,High-Production Studio,,,no,https://www.tiktok.com/@echtheitscheck/video/7672028440098393376
echtheitscheck,shop,"authentication service, eBay Live events",Echtheitscheck.de,2026-08-10,2026-10-05,300,3,1,2,English/other,no,,"New in 💗
#echtheitscheck #secondhand #louisvuitton",,,,,,no,https://www.tiktok.com/@echtheitscheck/video/7672311636375440673
echtheitscheck,shop,"authentication service, eBay Live events",Echtheitscheck.de,2026-08-11,2026-10-05,848,9,,,German,no,,"Was sagt ihr zur Farbe? 🤎
#echtheitscheck #secondhand #chanel",,,,,,no,https://www.tiktok.com/@echtheitscheck/video/7672744387062877473
echtheitscheck,shop,"authentication service, eBay Live events",Echtheitscheck.de,2026-08-11,2026-10-05,369,9,5,,German,no,,Wir können nicht mehr 🤯❤️#echtheitscheck #secondhand #hermesbirkin,,,,,,no,https://www.tiktok.com/@echtheitscheck/video/7672703219964841248
echtheitscheck,shop,"authentication service, eBay Live events",Echtheitscheck.de,2026-08-12,2026-10-05,317,5,,,unclear,no,,"Team Vorstellung Pt 1 
#echtheitscheck #secondhand #business",,,,,,no,https://www.tiktok.com/@echtheitscheck/video/7673167754169486625
echtheitscheck,shop,"authentication service, eBay Live events",Echtheitscheck.de,2026-08-13,2026-10-05,318,2,,,German,no,,"Was eine Kombi 😍
#echtheitscheck #dior #ysl #luxussecondhand",,,,,,no,https://www.tiktok.com/@echtheitscheck/video/7673411711487085856
echtheitscheck,shop,"authentication service, eBay Live events",Echtheitscheck.de,2026-08-13,2026-10-05,814,7,,,German,no,,"Dior nur 1490€ 🤍
#echtheitscheck #dior #secondhand #luxus",,,,,,no,https://www.tiktok.com/@echtheitscheck/video/7673411000611179809
echtheitscheck,shop,"authentication service, eBay Live events",Echtheitscheck.de,2026-08-14,2026-10-05,910,11,,,German,no,,"Mailen wir öfters die Tasche des Tages zeigen? 
#echtheitscheck #düsseldorf #ysl",,,,,,no,https://www.tiktok.com/@echtheitscheck/video/7673818002231430432
echtheitscheck,shop,"authentication service, eBay Live events",Echtheitscheck.de,2026-08-14,2026-10-05,814,8,2,,hashtags only,no,,"💚💙❤️🤍💛
#echtheitscheck #sammlerstück #düsseldorf",,,,,,no,https://www.tiktok.com/@echtheitscheck/video/7673814898635296033
echtheitscheck,shop,"authentication service, eBay Live events",Echtheitscheck.de,2026-08-15,2026-10-05,1090,11,3,,German,no,,"Jetzt seit ihr gefragt! 
#echtheitscheck #realvsfake #fakeluxus #fakelouisvuitton",,,,,,no,https://www.tiktok.com/@echtheitscheck/video/7674144521042562337
echtheitscheck,shop,"authentication service, eBay Live events",Echtheitscheck.de,2026-08-16,2026-10-05,1147,16,,,German,no,,"Sofort verfügbar 🤎
#echtheitscheck #hermesbirkin #birkinbag",,,,,,no,https://www.tiktok.com/@echtheitscheck/video/7674664097350307105
echtheitscheck,shop,"authentication service, eBay Live events",Echtheitscheck.de,2026-08-17,2026-10-05,909,6,,,unclear,no,,"Habt ihr richtig gelegen? 
#echtheitscheck #realvsfake #fakeluxus",,,,,,no,https://www.tiktok.com/@echtheitscheck/video/7675056966854577440
echtheitscheck,shop,"authentication service, eBay Live events",Echtheitscheck.de,2026-08-19,2026-10-05,337,5,,,hashtags only,no,,"🧸
#echtheitscheck #louisvuittonteddy #luxus",,,,,,no,https://www.tiktok.com/@echtheitscheck/video/7675623105565314336
echtheitscheck,shop,"authentication service, eBay Live events",Echtheitscheck.de,2026-08-20,2026-10-05,929,11,,,German,no,,"War gar nicht mal so lecker 🤣
#echtheitscheck #luxus #sammlerstück",,,,,,no,https://www.tiktok.com/@echtheitscheck/video/7676125724645854496
echtheitscheck,shop,"authentication service, eBay Live events",Echtheitscheck.de,2026-08-21,2026-10-05,426,6,3,,English/other,no,,"Na was sagt ihr diesmal? 
#echtheitscheck #realvsfake #fakeluxus",,,,,,no,https://www.tiktok.com/@echtheitscheck/video/7676561384565476640
echtheitscheck,shop,"authentication service, eBay Live events",Echtheitscheck.de,2026-08-21,2026-10-05,835,8,,1,unclear,no,,"Welche findet ihr besser? 
#echtheitscheck #luxus #miumiu #pradass24",,,,,,no,https://www.tiktok.com/@echtheitscheck/video/7676418181002464544
echtheitscheck,shop,"authentication service, eBay Live events",Echtheitscheck.de,2026-08-23,2026-10-05,883,1,,1,German,no,,"Folge uns auf Insta und sei morgen live dabei 💗
#livestream #liveshopping",,,,,,no,https://www.tiktok.com/@echtheitscheck/video/7677235941538303264
echtheitscheck,shop,"authentication service, eBay Live events",Echtheitscheck.de,2026-08-23,2026-10-05,313,4,,,German,no,,"Vollleder, aktueller NP über 6500€ bei Chanel. Bei uns für 4.990€ 🖤
#echtheitscheck #luxussecondhand #luxus",,,,,,no,https://www.tiktok.com/@echtheitscheck/video/7677183430169234720
echtheitscheck,shop,"authentication service, eBay Live events",Echtheitscheck.de,2026-08-23,2026-10-05,320,2,,,German,no,,"Ein Klassiker für 2.790€ 
Jetzt auf unserer Website deine Traumtasche finden 🖤
#echtheitscheck #sammlerstück #luxussecondhand",,,,,,no,https://www.tiktok.com/@echtheitscheck/video/7677157768767294752
echtheitscheck,shop,"authentication service, eBay Live events",Echtheitscheck.de,2026-08-23,2026-10-05,914,5,1,,unclear,no,,"Fake 🥸 
#echtheitscheck #fakechanel #betrug",,,,,,no,https://www.tiktok.com/@echtheitscheck/video/7677157468266319137
echtheitscheck,shop,"authentication service, eBay Live events",Echtheitscheck.de,2026-08-26,2026-10-05,1496,10,2,,German,no,,"Jetzt seid ihr wieder dran 🤭
#betrug #fakeluxus #fakelouisvuitton",,,,,,no,https://www.tiktok.com/@echtheitscheck/video/7678264848936865057
echtheitscheck,shop,"authentication service, eBay Live events",Echtheitscheck.de,2026-08-26,2026-10-05,407,7,,,German,no,,"Wie findet ihr Vibtage Taschen? 
•
#echtheitscheck #luxussecondhand #secondhandkelly #birkin",,,,,,no,https://www.tiktok.com/@echtheitscheck/video/7678263584459083041
echtheitscheck,shop,"authentication service, eBay Live events",Echtheitscheck.de,2026-08-27,2026-10-05,357,4,,,German,no,,"Schreibt es in die Kommentare und folge uns auf Insta 💗
#livestream #liveshopping #insta",,,,,,no,https://www.tiktok.com/@echtheitscheck/video/7678635701151304992
echtheitscheck,shop,"authentication service, eBay Live events",Echtheitscheck.de,2026-08-27,2026-10-05,959,22,,,hashtags only,no,,#unboxing #asmr #asmrsounds #luxusunboxing,,,,,,no,https://www.tiktok.com/@echtheitscheck/video/7678633405419932961
echtheitscheck,shop,"authentication service, eBay Live events",Echtheitscheck.de,2026-08-28,2026-10-05,814,7,,,German,no,,Welche ist euer Favori? #insta #celine #luxus,,,,,,no,https://www.tiktok.com/@echtheitscheck/video/7679097217445088545
echtheitscheck,shop,"authentication service, eBay Live events",Echtheitscheck.de,2026-08-29,2026-10-05,357,4,,,unclear,no,,"Team metis 💗
#lvmetis #metis #luxusunboxing",,,,,,no,https://www.tiktok.com/@echtheitscheck/video/7679483605684423968
echtheitscheck,shop,"authentication service, eBay Live events",Echtheitscheck.de,2026-08-30,2026-10-05,707,16,4,,unclear,no,,"FAKE 🤯
#fakelv #fakeluxus #betrug",,,,,,no,https://www.tiktok.com/@echtheitscheck/video/7679890833201450273
echtheitscheck,shop,"authentication service, eBay Live events",Echtheitscheck.de,2026-08-30,2026-10-05,1004,15,,1,hashtags only,no,,#lvalma #echtheitscheck #luxustaschen,,,High-Production Studio,,,no,https://www.tiktok.com/@echtheitscheck/video/7679769646509215008
echtheitscheck,shop,"authentication service, eBay Live events",Echtheitscheck.de,2026-08-31,2026-10-05,964,10,4,,unclear,no,,"Louis Vuitton Boite Chapeau Souple MM Monogram Canvas
1.590€ 🤎
•
#echtheitscheck #luxustaschen #luxus",,,,,,no,https://www.tiktok.com/@echtheitscheck/video/7680156406565113121
echtheitscheck,shop,"authentication service, eBay Live events",Echtheitscheck.de,2026-09-01,2026-10-05,340,2,,,German,no,,Folge uns auf Insta um keine Angebote zu verpassen 💗,,,Native Social,,,no,https://www.tiktok.com/@echtheitscheck/video/7680572832505416992
echtheitscheck,shop,"authentication service, eBay Live events",Echtheitscheck.de,2026-09-01,2026-10-05,506,4,6,,English/other,no,,"Schreibt eure Meinung in die Kommentare ✍️
#echtheitscheck #fakeluxus #betrug #fakelv",,,,,,no,https://www.tiktok.com/@echtheitscheck/video/7680526315191061792
echtheitscheck,shop,"authentication service, eBay Live events",Echtheitscheck.de,2026-09-02,2026-10-05,864,9,,1,German,no,,"Bei Interesse DM 💌
#instasale #riktokshopping #tiktoksale",,,,,,no,https://www.tiktok.com/@echtheitscheck/video/7680987771632176416
echtheitscheck,shop,"authentication service, eBay Live events",Echtheitscheck.de,2026-09-02,2026-10-05,981,14,5,,unclear,no,,"Wer lag richtig? 🤯
#echtheitscheck #fakeluxus #betrug #fakelv",,,,,,no,https://www.tiktok.com/@echtheitscheck/video/7680985650006445345
echtheitscheck,shop,"authentication service, eBay Live events",Echtheitscheck.de,2026-09-03,2026-10-05,864,6,,1,German,no,,"New in Gürtel 💗
#instasale #tiktoksale #echtheitscheck #tiktokshopping",,,,,,no,https://www.tiktok.com/@echtheitscheck/video/7681418207940398369
echtheitscheck,shop,"authentication service, eBay Live events",Echtheitscheck.de,2026-09-03,2026-10-05,936,17,,1,hashtags only,no,,"💗✨💗✨💗✨💗
•
#instasale #tiktoksale #echtheitscheck #tiktokshopping",,,,,,no,https://www.tiktok.com/@echtheitscheck/video/7681338228795804960
echtheitscheck,shop,"authentication service, eBay Live events",Echtheitscheck.de,2026-09-03,2026-10-05,366,7,,1,German,no,,"Jetzt per DM bestellen 💌
•
#instasale #tiktoksale #echtheitscheck",,,,,,no,https://www.tiktok.com/@echtheitscheck/video/7681311335732251937
echtheitscheck,shop,"authentication service, eBay Live events",Echtheitscheck.de,2026-09-04,2026-10-05,388,7,,,unclear,no,,"50€ TikTok Preis 🔥
#instasale #tiktoksale #echtheitscheck #tiktokshopping",,,,,,no,https://www.tiktok.com/@echtheitscheck/video/7681671707685309728
echtheitscheck,shop,"authentication service, eBay Live events",Echtheitscheck.de,2026-09-06,2026-10-05,386,6,,,unclear,no,,"Unboxing 🧡
#asmr #echtheitscheck #asmrsounds",,,,,,no,https://www.tiktok.com/@echtheitscheck/video/7682523177179778336
echtheitscheck,shop,"authentication service, eBay Live events",Echtheitscheck.de,2026-09-07,2026-10-05,1145,14,3,,German,no,,"Jetzt seit ihr wieder dran -> Real or Fake? 
•#echtheitscheck #fakeluxus #betrug #fakechanel",,,,,,no,https://www.tiktok.com/@echtheitscheck/video/7682831355310247201
echtheitscheck,shop,"authentication service, eBay Live events",Echtheitscheck.de,2026-09-08,2026-10-05,1380,19,2,,unclear,no,,"FAKE! 
•
#echtheitscheck #fakeluxus #betrug #fakechanel",,,,,,no,https://www.tiktok.com/@echtheitscheck/video/7683234847392861472
echtheitscheck,shop,"authentication service, eBay Live events",Echtheitscheck.de,2026-09-09,2026-10-05,1020,11,2,,German,no,,"Ihr seid wieder gefragt 😜🤯
•
#echtheitscheck #fakeluxus #betrug #fakechanel",,,,,,no,https://www.tiktok.com/@echtheitscheck/video/7683626965756153121
echtheitscheck,shop,"authentication service, eBay Live events",Echtheitscheck.de,2026-09-09,2026-10-05,1287,37,,,unclear,no,,"Neupreis vs unser Preis 🤯
#echtheitscheck #luxuspreis #tiktoksale",,,,,,no,https://www.tiktok.com/@echtheitscheck/video/7683486650407619873
echtheitscheck,shop,"authentication service, eBay Live events",Echtheitscheck.de,2026-09-10,2026-10-05,332,2,,,German,no,,"Welcher ist dein Lieblingsboy? 😜
#echtheitscheck #funnytiktok #viral",,,,,,no,https://www.tiktok.com/@echtheitscheck/video/7683971742695525664
echtheitscheck,shop,"authentication service, eBay Live events",Echtheitscheck.de,2026-09-11,2026-10-05,884,8,,,German,no,,"Hättet ihr gedacht, dass es ein Orginal ist? 🤯
#echtheitscheck #fakeluxus #betrug #fakechanel",,,,,,no,https://www.tiktok.com/@echtheitscheck/video/7684203128677223712
echtheitscheck,shop,"authentication service, eBay Live events",Echtheitscheck.de,2026-09-12,2026-10-05,587,4,2,,hashtags only,no,,"💗
•
#echtheitscheck #asmrsounds #tiktokshopping",,,,,,no,https://www.tiktok.com/@echtheitscheck/video/7684674770532584736
echtheitscheck,shop,"authentication service, eBay Live events",Echtheitscheck.de,2026-09-13,2026-10-05,354,4,,,unclear,no,,"Dior Saddle Bag 💗
•
#echtheitscheck #tiktokshopping #luxuspreis",,,,,,no,https://www.tiktok.com/@echtheitscheck/video/7685065857977896225
echtheitscheck,shop,"authentication service, eBay Live events",Echtheitscheck.de,2026-09-15,2026-10-05,927,15,1,,English/other,no,,"Was meint ihr? 🤯
#echtheitscheck #fakeluxus #betrug #fakechanel",,,,,,no,https://www.tiktok.com/@echtheitscheck/video/7685653315174108448
echtheitscheck,shop,"authentication service, eBay Live events",Echtheitscheck.de,2026-09-16,2026-10-05,709,7,,,German,no,,"Große Evelyne Liebe 💗 
#echtheitscheck #tiktokshopping #luxuspreis",,,,,,no,https://www.tiktok.com/@echtheitscheck/video/7686224954848857377
echtheitscheck,shop,"authentication service, eBay Live events",Echtheitscheck.de,2026-09-16,2026-10-05,449,7,,,unclear,no,,FAKE! ##betrug #fakeluxus #echtheitscheck,,,,,,no,https://www.tiktok.com/@echtheitscheck/video/7686027434822487329
echtheitscheck,shop,"authentication service, eBay Live events",Echtheitscheck.de,2026-09-17,2026-10-05,925,13,2,,German,no,,Jetzt richtig viel Geld sparen! #echtheitscheck #tiktokshopping #tiktoksale,,,,,,no,https://www.tiktok.com/@echtheitscheck/video/7686597476954017057
echtheitscheck,shop,"authentication service, eBay Live events",Echtheitscheck.de,2026-09-17,2026-10-05,809,6,,,German,no,,"Sicher dir jetzt 15% Rabatt 🤯
•
#echtheitscheck #tiktokshopping #luxuspreis #tiktoksale",,,,,,no,https://www.tiktok.com/@echtheitscheck/video/7686443724095622432
echtheitscheck,shop,"authentication service, eBay Live events",Echtheitscheck.de,2026-09-18,2026-10-05,387,11,,,unclear,no,,"Lady Dior 💚 
•
#echtheitscheck #tiktokshopping #tiktoksale #luxuspreis",,,,,,no,https://www.tiktok.com/@echtheitscheck/video/7686876737573014817
echtheitscheck,shop,"authentication service, eBay Live events",Echtheitscheck.de,2026-09-20,2026-10-05,437,10,,,hashtags only,no,,#echtheitscheck #tiktokshopping #tiktoksale #luxuspreis,,,,,,no,https://www.tiktok.com/@echtheitscheck/video/7687536697273371937
echtheitscheck,shop,"authentication service, eBay Live events",Echtheitscheck.de,2026-09-20,2026-10-05,683,21,2,,German,no,,"Hättet ihr es gewusst? 🥹
•
#echtheitscheck #chanel19
#karllagerfeld",,,,,,no,https://www.tiktok.com/@echtheitscheck/video/7687526079547870497
echtheitscheck,shop,"authentication service, eBay Live events",Echtheitscheck.de,2026-09-21,2026-10-05,1348,23,4,1,English/other,no,,Was sagt ihr? #echtheitscheck #betrug #fakeluxus #fakebirkin,,,,,,no,https://www.tiktok.com/@echtheitscheck/video/7687951021502369057
echtheitscheck,shop,"authentication service, eBay Live events",Echtheitscheck.de,2026-09-22,2026-10-05,1032,26,,,unclear,no,,"Alle lagen falsch 🤯
•
#echtheitscheck #fakebirkin #fakeluxus #",,,,,,no,https://www.tiktok.com/@echtheitscheck/video/7688456567611510049
echtheitscheck,shop,"authentication service, eBay Live events",Echtheitscheck.de,2026-09-24,2026-10-05,2636,45,1,1,German,no,,"Wie gefällt euch das neue Format? 
#echtheitscheck #fakeluxus #betrug #fakelv",,,,,,no,https://www.tiktok.com/@echtheitscheck/video/7689211264198888737
echtheitscheck,shop,"authentication service, eBay Live events",Echtheitscheck.de,2026-09-26,2026-10-05,437,11,1,4,,no,,,,,,,,no,https://www.tiktok.com/@echtheitscheck/video/7689899803135708448
echtheitscheck,shop,"authentication service, eBay Live events",Echtheitscheck.de,2026-09-27,2026-10-05,777,12,,,German,no,,"Morgen, Insta Livestream mit krassen Artikeln im Sale😱
•
#echtheitscheck #tiktoksale #tiktokshopping #instasale",,,,,,no,https://www.tiktok.com/@echtheitscheck/video/7690227234480622880
echtheitscheck,shop,"authentication service, eBay Live events",Echtheitscheck.de,2026-09-27,2026-10-05,2000,19,6,2,German,no,,"Real or Fake heute mit dieser LV Metis 😮‍💨
•
#echtheitscheck #fakeluxus #betrug #fakelv",,,,,,no,https://www.tiktok.com/@echtheitscheck/video/7690163784945519904
echtheitscheck,shop,"authentication service, eBay Live events",Echtheitscheck.de,2026-09-30,2026-10-05,1788,23,4,2,unclear,no,,FAKE! #echtheitscheck #fakeluxus #betrug,,,,,,no,https://www.tiktok.com/@echtheitscheck/video/7691417620049857824
echtheitscheck,shop,"authentication service, eBay Live events",Echtheitscheck.de,2026-10-02,2026-10-05,777,20,3,,unclear,no,,"Welches Team seid ihr? 😍
#echtheitscheck #vintage #hermesbirkin",,,,,,no,https://www.tiktok.com/@echtheitscheck/video/7692123394749369633
echtheitscheck,shop,"authentication service, eBay Live events",Echtheitscheck.de,2026-10-05,2026-10-05,605,14,1,1,hashtags only,no,,#birkin30 #croco,,,,,,no,https://www.tiktok.com/@echtheitscheck/video/7693236894703914273
thewatchdive,creator,"luxury watches, reacts to eBay Live auctions",thewatchdive,2026-08-07,2026-10-05,3349,90,5,8,English/other,no,,"Was meinst du ? 👇🔥
@jstin 
#peso #jstin #fashion #icedout #patekphilippe",,,,,,no,https://www.tiktok.com/@thewatchdive/video/7671361450589375776
thewatchdive,creator,"luxury watches, reacts to eBay Live auctions",thewatchdive,2026-08-07,2026-10-05,733,47,,2,unclear,no,,"Views 🫡

#sunset #omega #view #007",,,,,,no,https://www.tiktok.com/@thewatchdive/video/7671265615146929441
thewatchdive,creator,"luxury watches, reacts to eBay Live auctions",thewatchdive,2026-08-07,2026-10-05,13000,512,4,15,German,no,,"Wie findest du die Rolex von @Maximilian Riedel ? 👇🔥

#riedel #wein #rolex #tequila #luxus",,,,,,no,https://www.tiktok.com/@thewatchdive/video/7671185802336029984
thewatchdive,creator,"luxury watches, reacts to eBay Live auctions",thewatchdive,2026-08-08,2026-10-05,934,47,,7,German,no,,"Antwort auf @Konstantin Grubwinkler 🫡👇

#rolex #dlc #reaktion",,,,,,no,https://www.tiktok.com/@thewatchdive/video/7671675452192328993
thewatchdive,creator,"luxury watches, reacts to eBay Live auctions",thewatchdive,2026-08-08,2026-10-05,627,30,3,3,German,no,,"Hast du das Spiel schon gespielt? 🔥👇

#007 #jamesbond #firstlight #omega #gaming",,,,,,no,https://www.tiktok.com/@thewatchdive/video/7671565197999410464
thewatchdive,creator,"luxury watches, reacts to eBay Live auctions",thewatchdive,2026-08-09,2026-10-05,676,25,5,2,German,no,,"Real oder Fake? Du bist gefragt👇🔥

#tudor #luxus #spiel #wissen #rolex",,,,,,no,https://www.tiktok.com/@thewatchdive/video/7672026913438764321
thewatchdive,creator,"luxury watches, reacts to eBay Live auctions",thewatchdive,2026-08-09,2026-10-05,946,34,7,2,German,no,,"Antwort auf @(SLP)Nils 🫡

#jstin #peso #fashion",,,,,,no,https://www.tiktok.com/@thewatchdive/video/7671922357300219169
thewatchdive,creator,"luxury watches, reacts to eBay Live auctions",thewatchdive,2026-08-10,2026-10-05,61200,1191,30,125,German,no,,"Crazy Uhr vom chatty sales guy oder?👇🔥

#salesguy #zürich #srf #chatty #romansalesguy",,,,,,no,https://www.tiktok.com/@thewatchdive/video/7672420192823168288
thewatchdive,creator,"luxury watches, reacts to eBay Live auctions",thewatchdive,2026-08-10,2026-10-05,1217,66,11,4,German,no,,"Antwort auf @valle 🫡🔥

#flexmal #omega #seamster #reaktion #luxus",,,,,,no,https://www.tiktok.com/@thewatchdive/video/7672286363781205281
thewatchdive,creator,"luxury watches, reacts to eBay Live auctions",thewatchdive,2026-08-11,2026-10-05,1706,80,6,5,German,no,,"Was ein classy piece! 🔥👇

#haaland #fussball #sport #rolex #daytona",,,,,,no,https://www.tiktok.com/@thewatchdive/video/7672682538820816160
thewatchdive,creator,"luxury watches, reacts to eBay Live auctions",thewatchdive,2026-08-12,2026-10-05,6246,439,4,16,German,no,,"Wie findest du die Uhr? 👇🔥

@Maximilian Riedel 

#rolex #riedel #wine #glass #wein",,,,,,no,https://www.tiktok.com/@thewatchdive/video/7673047598109953312
thewatchdive,creator,"luxury watches, reacts to eBay Live auctions",thewatchdive,2026-08-13,2026-10-05,1994,64,5,5,German,no,,"Wie findest du die Rolex Day-Date? 

@shirindavid 

#shirindavid #shirin #rolex #sängerin #musik",,,,,,no,https://www.tiktok.com/@thewatchdive/video/7673528577819757856
thewatchdive,creator,"luxury watches, reacts to eBay Live auctions",thewatchdive,2026-08-13,2026-10-05,2153,75,2,8,German,no,,"Wie findest du die Day-Dayte von Susie Wolff? 👇🔥

#f1 #rennsport #susiewolff #formel1 #rolex",,,,,,no,https://www.tiktok.com/@thewatchdive/video/7673420839546653984
thewatchdive,creator,"luxury watches, reacts to eBay Live auctions",thewatchdive,2026-08-14,2026-10-05,619,22,2,2,German,no,,"Antwort auf @Germanfails28 guter Call 🫡

#realoderfake #reaktion #tudor #luxus",,,,,,no,https://www.tiktok.com/@thewatchdive/video/7673793925542432032
thewatchdive,creator,"luxury watches, reacts to eBay Live auctions",thewatchdive,2026-08-15,2026-10-05,1459,69,6,2,German,no,,"Was ein verrücktes piece! 🔥

#drake #rolex #piece #rap #toronto",,,,,,no,https://www.tiktok.com/@thewatchdive/video/7674303577929665824
thewatchdive,creator,"luxury watches, reacts to eBay Live auctions",thewatchdive,2026-08-15,2026-10-05,5485,144,3,20,German,no,,"Wie findest du die Uhr von @lauraabla11 ? 👇🔥

#lauraabla #fußball #reaktion #audemarspiguet #uhren",,,,,,no,https://www.tiktok.com/@thewatchdive/video/7674183894547123488
thewatchdive,creator,"luxury watches, reacts to eBay Live auctions",thewatchdive,2026-08-16,2026-10-05,89200,3546,79,1545,English/other,no,,"Antwort auf @noah Was meinst du dazu? Schreibs in die Kommentare 👇🔥

#fake #omega #timgioh",,,,,,no,https://www.tiktok.com/@thewatchdive/video/7674586911373135137
thewatchdive,creator,"luxury watches, reacts to eBay Live auctions",thewatchdive,2026-08-16,2026-10-05,118000,2769,62,387,German,no,,"Wie findet ihr die Uhr von @timgioh ? 👇🔥

#timgioh #omega #streamer #uhren",,,,,,no,https://www.tiktok.com/@thewatchdive/video/7674542456058187040
thewatchdive,creator,"luxury watches, reacts to eBay Live auctions",thewatchdive,2026-08-17,2026-10-05,5657,313,12,16,German,no,,"Wie findest du die Rolex von Stickle? 👇🔥
@stickle_nov11
#stickle #pashanim #makko #berlin #Rap",,,,,,no,https://www.tiktok.com/@thewatchdive/video/7674908997228432673
thewatchdive,creator,"luxury watches, reacts to eBay Live auctions",thewatchdive,2026-08-18,2026-10-05,1073,81,4,5,German,no,,"Wie findest du die Rm von @Johannes Klaebo ? 👇🔥

#johannesklaebo #langlauf #richardmille #luxus #ski",,,,,,no,https://www.tiktok.com/@thewatchdive/video/7675288273794649376
thewatchdive,creator,"luxury watches, reacts to eBay Live auctions",thewatchdive,2026-08-19,2026-10-05,2039,76,4,8,German,no,,"Antwort auf @jeremyychng Wie findest du die Uhr von Stickle? 👇🔥
@Stickle 
#stickle #beats #pashanim #makko #berlin",,,,,,no,https://www.tiktok.com/@thewatchdive/video/7675634125453200672
thewatchdive,creator,"luxury watches, reacts to eBay Live auctions",thewatchdive,2026-08-20,2026-10-05,78600,1025,91,129,German,no,,"Wie findet ihr die Uhr von Mili Brabus? 👇🔥

#brabus #bodo #auto #mercedes #audemarspiguet",,,,,,no,https://www.tiktok.com/@thewatchdive/video/7676137345132940577
thewatchdive,creator,"luxury watches, reacts to eBay Live auctions",thewatchdive,2026-08-20,2026-10-05,575,33,2,3,German,no,,"Wie findest du die Rm? 🔥👇

#richardmille #motogp #rennsport #motorrad #uhren",,,,,,no,https://www.tiktok.com/@thewatchdive/video/7676016480193875233
thewatchdive,creator,"luxury watches, reacts to eBay Live auctions",thewatchdive,2026-08-21,2026-10-05,730,52,15,5,German,no,,"Antwort auf @moonraker1302 🔥👇

#omega #flexmal #reaktion #astronaut #uhren",,,,,,no,https://www.tiktok.com/@thewatchdive/video/7676527488721292577
thewatchdive,creator,"luxury watches, reacts to eBay Live auctions",thewatchdive,2026-08-21,2026-10-05,1137,76,3,5,German,no,,"Wie findest du die PP? 👇🔥

#patekphilippe #f1 #perez #formel1 #motorsport",,,,,,no,https://www.tiktok.com/@thewatchdive/video/7676384474782829856
thewatchdive,creator,"luxury watches, reacts to eBay Live auctions",thewatchdive,2026-08-22,2026-10-05,4859,378,7,35,German,no,,"Wie findest du die Franck Muller von @flaschko 👇🔥

#flaschko #handychillen #meme #luxus #uhren",,,,,,no,https://www.tiktok.com/@thewatchdive/video/7676918416078408993
thewatchdive,creator,"luxury watches, reacts to eBay Live auctions",thewatchdive,2026-08-22,2026-10-05,2049,79,4,4,German,no,,"Wie findest du die Uhr von @djkhaled ? 👇🔥

#audemarspiguet #djkhaled #musik #dj #rap",,,,,,no,https://www.tiktok.com/@thewatchdive/video/7676757771257171233
thewatchdive,creator,"luxury watches, reacts to eBay Live auctions",thewatchdive,2026-08-23,2026-10-05,617,69,6,5,hashtags only,no,,#omega #rolex #rotation #wristwatch #luxury,A TikTok photo carousel by a watch enthusiast showcasing a high-end daily watch rotation featuring Rolex and Omega dive watches across varied indoor and outdoor settings.,,Polished Creator,Carousel,false,yes,https://www.tiktok.com/@thewatchdive/video/7677315773005581601
thewatchdive,creator,"luxury watches, reacts to eBay Live auctions",thewatchdive,2026-08-23,2026-10-05,3123,200,4,8,hashtags only,no,,"🫶

#rolex #seiko #wristshot #couple #luxury",,,,,,no,https://www.tiktok.com/@thewatchdive/video/7677130861833096481
thewatchdive,creator,"luxury watches, reacts to eBay Live auctions",thewatchdive,2026-08-24,2026-10-05,758,47,3,2,German,no,,"Wie findest du die Factory set Rolex? 👇🔥

#rolex #drake #marketing #rap #luxus",,,,,,no,https://www.tiktok.com/@thewatchdive/video/7677510400639765793
thewatchdive,creator,"luxury watches, reacts to eBay Live auctions",thewatchdive,2026-08-25,2026-10-05,495,27,,2,German,no,,"Wie findest du die Rolex Daytona von Daniel Theis? 👇🔥

@Knossi 🤴 

#knossi #danieltheis #baskeball #nba #rolex",,,,,,no,https://www.tiktok.com/@thewatchdive/video/7677907991911255329
thewatchdive,creator,"luxury watches, reacts to eBay Live auctions",thewatchdive,2026-08-26,2026-10-05,873,40,9,2,German,no,,"Wie findest du die No-Date Sub? 🔥👇

#rolex #frage #reaktion #submariner #fashion",,,,,,no,https://www.tiktok.com/@thewatchdive/video/7678348337522674976
thewatchdive,creator,"luxury watches, reacts to eBay Live auctions",thewatchdive,2026-08-26,2026-10-05,516,36,2,3,unclear,no,,"Viel Liebe ❤️ @soulyyyyyyy 
@flaschko 
#souly #rap #deutschrap #reaktion",,,,,,no,https://www.tiktok.com/@thewatchdive/video/7678276932387015969
thewatchdive,creator,"luxury watches, reacts to eBay Live auctions",thewatchdive,2026-08-27,2026-10-05,4565,181,8,19,German,no,,"Der 🐐 mit einer 67-02 

#tadejpogacar #vuelta #lavuelta #rennrad #richardmille",,,,,,no,https://www.tiktok.com/@thewatchdive/video/7678634065972464929
thewatchdive,creator,"luxury watches, reacts to eBay Live auctions",thewatchdive,2026-08-28,2026-10-05,22900,1316,7,51,unclear,no,,"Watch History Teil 1 🔥👇

#history #geschichte #rolex #submariner",,,,,,no,https://www.tiktok.com/@thewatchdive/video/7679035707653934368
thewatchdive,creator,"luxury watches, reacts to eBay Live auctions",thewatchdive,2026-08-29,2026-10-05,538,36,8,2,German,no,,"Antwort auf @Ain‘t nobody 😂😂😂

#crazy #luxus #rolex #reaktion #teuer",,,,,,no,https://www.tiktok.com/@thewatchdive/video/7679415157549747488
thewatchdive,creator,"luxury watches, reacts to eBay Live auctions",thewatchdive,2026-08-30,2026-10-05,5352,303,4,10,German,no,,"Wie findet ihr die Weißgold Daytona? 👇🔥

#riedel #wine #wein #champagne #luxus",,,,,,no,https://www.tiktok.com/@thewatchdive/video/7679830889295121697
thewatchdive,creator,"luxury watches, reacts to eBay Live auctions",thewatchdive,2026-08-31,2026-10-05,1426,58,,3,,no,,,,,,,,no,https://www.tiktok.com/@thewatchdive/video/7680188802006076705
thewatchdive,creator,"luxury watches, reacts to eBay Live auctions",thewatchdive,2026-08-31,2026-10-05,448,36,4,2,hashtags only,no,,"#souly #rap 

@soulyyyyyyy","A comedic TikTok carousel by a watch content creator (@thewatchdive) who uses a clever riddle about identification, answered by a screenshot of a notification from verified music artist Souly saving his video, blending luxury watch culture with internet humor.",,Raw UGC,Carousel,false,yes,https://www.tiktok.com/@thewatchdive/video/7680179446573305120
thewatchdive,creator,"luxury watches, reacts to eBay Live auctions",thewatchdive,2026-09-01,2026-10-05,1999,149,7,11,German,no,,"Watch History Teil 2 :)

Folgt mir um die nächsten Teil 3 nicht zu verpassen! 

#history #geschichte #fidelcastro #rolex #uhren",,,,,,no,https://www.tiktok.com/@thewatchdive/video/7680543270585339169
thewatchdive,creator,"luxury watches, reacts to eBay Live auctions",thewatchdive,2026-09-01,2026-10-05,569,29,2,1,German,no,,"Wie findet ihr die Rolex? 👇🔥

#benzema #fussball #kicken #rolex #reaktion",,,,,,no,https://www.tiktok.com/@thewatchdive/video/7680466281518157088
thewatchdive,creator,"luxury watches, reacts to eBay Live auctions",thewatchdive,2026-09-02,2026-10-05,779,77,4,3,German,no,,"Wie findest du die Panda 🐼 von @CHRISTIAN LÖWENDORF ? 👇🔥

#löwendorf #rolex #unternehmer #luxus",,,,,,no,https://www.tiktok.com/@thewatchdive/video/7680925959695912225
thewatchdive,creator,"luxury watches, reacts to eBay Live auctions",thewatchdive,2026-09-02,2026-10-05,461,30,2,2,German,no,,"Wusstest du diesen Trick? 👇👀

#trick #tipp #rolex #rehaut #erklärt",,,,,,no,https://www.tiktok.com/@thewatchdive/video/7680838650577325344
thewatchdive,creator,"luxury watches, reacts to eBay Live auctions",thewatchdive,2026-09-03,2026-10-05,429,29,,2,German,no,,"Wie findest du die Uhr? 👇🔥

#autos #jayleno #cars #luxus #mbnf",,,,,,no,https://www.tiktok.com/@thewatchdive/video/7681207048284949793
thewatchdive,creator,"luxury watches, reacts to eBay Live auctions",thewatchdive,2026-09-04,2026-10-05,623,28,2,1,hashtags only,no,,"1-10? 👇

#rating #rolex #luxus #uhren #flex",,,,,,no,https://www.tiktok.com/@thewatchdive/video/7681682496748031265
thewatchdive,creator,"luxury watches, reacts to eBay Live auctions",thewatchdive,2026-09-04,2026-10-05,1422,99,3,17,German,no,,"Was sagt ihr zur Rolex von @Baba F 👀🔥

#stickle #rapper #flaschko #marli #skiaggu",,,,,,no,https://www.tiktok.com/@thewatchdive/video/7681562186916859169
thewatchdive,creator,"luxury watches, reacts to eBay Live auctions",thewatchdive,2026-09-05,2026-10-05,366,23,1,1,unclear,no,,"Real 😂

#watches #uhren #rolex #luxus #patekphilippe",,,,,,no,https://www.tiktok.com/@thewatchdive/video/7682131171630730528
thewatchdive,creator,"luxury watches, reacts to eBay Live auctions",thewatchdive,2026-09-05,2026-10-05,1595,112,10,8,German,no,,"Welche würdest du nehmen? 👇
@Nizi19 
#edit #nizi #uhren #luxus #patekphilippe",,,,,,no,https://www.tiktok.com/@thewatchdive/video/7681971695317568800
thewatchdive,creator,"luxury watches, reacts to eBay Live auctions",thewatchdive,2026-09-06,2026-10-05,637,46,2,3,German,no,,"Wie findest du die IWC von Kimi? 👇🔥

#f1 #kimiantonelliedit #formel1 #iwc #totowolff",,,,,,no,https://www.tiktok.com/@thewatchdive/video/7682465174107753761
thewatchdive,creator,"luxury watches, reacts to eBay Live auctions",thewatchdive,2026-09-07,2026-10-05,508,23,19,3,German,no,,"Poste ein Bild von deiner Uhr in die Kommentare 👇🔥

#schätzen #reaktion #uhren #job #arbeit",,,,,,no,https://www.tiktok.com/@thewatchdive/video/7682841054353050913
thewatchdive,creator,"luxury watches, reacts to eBay Live auctions",thewatchdive,2026-09-07,2026-10-05,759,36,,4,German,no,,"Wusstest du das? 👀👇

#audi #auditt #uhren #tipp #luxus",,,,,,no,https://www.tiktok.com/@thewatchdive/video/7682715347820006689
thewatchdive,creator,"luxury watches, reacts to eBay Live auctions",thewatchdive,2026-09-08,2026-10-05,1041,71,3,4,German,no,,"Wie findest du die Rm001? 👇

Das Piece was für 2 mio verkauft wurde war auch die aller erste Uhr! Also more Spezial! 

#richardmille #meinung #reaktion #uhren #luxus",,,,,,no,https://www.tiktok.com/@thewatchdive/video/7683208731764526369
thewatchdive,creator,"luxury watches, reacts to eBay Live auctions",thewatchdive,2026-09-08,2026-10-05,2596,79,4,2,German,no,,"Warum trägt Maradona zwei Uhren? 🔥

#maradona #fussball #fußball #diegomaradona #sport",,,,,,no,https://www.tiktok.com/@thewatchdive/video/7683174410215443745
thewatchdive,creator,"luxury watches, reacts to eBay Live auctions",thewatchdive,2026-09-08,2026-10-05,992,39,2,2,German,no,,"Was sagst du zu der Bewertung? 🔥👇

#rolex #bewertung #meinung #uhren #luxus",,,,,,no,https://www.tiktok.com/@thewatchdive/video/7683130645538753825
thewatchdive,creator,"luxury watches, reacts to eBay Live auctions",thewatchdive,2026-09-08,2026-10-05,2040,101,1,4,English/other,no,,"Uhrencheck - The Gentlemen 

Welche findest du am besten? 

#thegentlemen #netflix #uhren #reaktion #schmuck",,,,,,no,https://www.tiktok.com/@thewatchdive/video/7683082366365044001
thewatchdive,creator,"luxury watches, reacts to eBay Live auctions",thewatchdive,2026-09-09,2026-10-05,1040,41,24,3,English/other,no,,"Was meinst du? 👇🔥

@Noble Talks Watches 

#frage #geld #uhren #bank #reaktion",,,,,,no,https://www.tiktok.com/@thewatchdive/video/7683436858210127137
thewatchdive,creator,"luxury watches, reacts to eBay Live auctions",thewatchdive,2026-09-10,2026-10-05,662,61,2,4,unclear,no,,"Super Action von Vettel! 🔥

#vettel #f1 #monza #michaelschumacher #rennsport",,,,,,no,https://www.tiktok.com/@thewatchdive/video/7683900032730303776
thewatchdive,creator,"luxury watches, reacts to eBay Live auctions",thewatchdive,2026-09-10,2026-10-05,3847,94,57,3,German,no,,"Ich errate deinen Job anhand deiner Uhr! 😂🔥

Wenn du dabei sein möchtest pack ein Bild von deiner Uhr in die Kommentare :) 

#raten #jobs #arbeit #uhren #person",,,,,,no,https://www.tiktok.com/@thewatchdive/video/7683797322962193696
thewatchdive,creator,"luxury watches, reacts to eBay Live auctions",thewatchdive,2026-09-11,2026-10-05,1249,49,2,2,German,no,,"Wie findest du die Cubitus? 👇🔥

#mma #khamzatchimeav #dagestan #ufc",,,,,,no,https://www.tiktok.com/@thewatchdive/video/7684174911862000928
thewatchdive,creator,"luxury watches, reacts to eBay Live auctions",thewatchdive,2026-09-12,2026-10-05,865,50,2,2,unclear,no,,"Super geile Omega an Rory’s Handgelenk 🔥👇

#golf #rorymcilroy #pga #pgachampionship #omega",,,,,,no,https://www.tiktok.com/@thewatchdive/video/7684541561945820448
thewatchdive,creator,"luxury watches, reacts to eBay Live auctions",thewatchdive,2026-09-13,2026-10-05,8862,265,3,22,German,no,,"Wie findest du die Patek von Eno? 👇🔥
@ENO 
#eno #patekphilippe #Rap #rapper #uhren",,,,,,no,https://www.tiktok.com/@thewatchdive/video/7684918500791569696
thewatchdive,creator,"luxury watches, reacts to eBay Live auctions",thewatchdive,2026-09-14,2026-10-05,3886,162,7,17,German,no,,"Wie findest du die Uhr von @Alexander Zverev 👇🔥

#usopen #zverev #jacobandco #tennis #grandslam",,,,,,no,https://www.tiktok.com/@thewatchdive/video/7685323286875573536
thewatchdive,creator,"luxury watches, reacts to eBay Live auctions",thewatchdive,2026-09-15,2026-10-05,1328,73,,9,unclear,no,,"Watch History Folge 3 🫡🔥

#history #geschichte #fussball #maradona #patekphilippe",,,,,,no,https://www.tiktok.com/@thewatchdive/video/7685694988641946913
thewatchdive,creator,"luxury watches, reacts to eBay Live auctions",thewatchdive,2026-09-16,2026-10-05,2957,70,2,3,German,no,,"Wie findet ihr die Uhr von @Dennis Schröder ? 👇🔥

#nba #basekball #rolex #dennisschröder #dfb",,,,,,no,https://www.tiktok.com/@thewatchdive/video/7686052728476290337
thewatchdive,creator,"luxury watches, reacts to eBay Live auctions",thewatchdive,2026-09-17,2026-10-05,1539,51,,2,German,no,,"Folgt für mehr Uhren-Content 🔥👇

#nba #dennisschröder #baskeball #rolex #sport",,,,,,no,https://www.tiktok.com/@thewatchdive/video/7686398192379776288
thewatchdive,creator,"luxury watches, reacts to eBay Live auctions",thewatchdive,2026-09-18,2026-10-05,983,65,5,2,unclear,no,,"Du hast mich gefunden 👉🏻👈🏻

#edit #uhren #ferrari #rolex #watches",,,,,,no,https://www.tiktok.com/@thewatchdive/video/7686899311317142817
thewatchdive,creator,"luxury watches, reacts to eBay Live auctions",thewatchdive,2026-09-18,2026-10-05,8215,426,10,26,German,no,,"Wie findest du die VC von @ohnePixel ? 👇🔥

#ohnepixel #ohnepixelclips #f1 #csgoclips #streamer",,,,,,no,https://www.tiktok.com/@thewatchdive/video/7686763991091154208
thewatchdive,creator,"luxury watches, reacts to eBay Live auctions",thewatchdive,2026-09-19,2026-10-05,933,35,,3,unclear,no,,"44mm Vibes 🫡

#panerai #wristshot #uhren #luxus #italy",,,,,,no,https://www.tiktok.com/@thewatchdive/video/7687322430607527201
thewatchdive,creator,"luxury watches, reacts to eBay Live auctions",thewatchdive,2026-09-19,2026-10-05,2569,140,11,9,German,no,,"Was hast du geschätzt? 👇🔥

#ferrari #rolex #frage #uhren #luxus",,,,,,no,https://www.tiktok.com/@thewatchdive/video/7687172609666010400
thewatchdive,creator,"luxury watches, reacts to eBay Live auctions",thewatchdive,2026-09-20,2026-10-05,853,61,2,4,hashtags only,no,,@IamKaschlo,"A luxury watch curation post by @thewatchdive_ featuring high-end timepieces paired with a Ferrari supercar interior, designed to engage horology enthusiasts and drive social media follows.",,Polished Creator,Carousel,true,yes,https://www.tiktok.com/@thewatchdive/video/7687513908088769824
thewatchdive,creator,"luxury watches, reacts to eBay Live auctions",thewatchdive,2026-09-21,2026-10-05,2026,85,48,6,German,no,,"Ich errate deinen Job Teil 2 🔥

Poste jetzt ein Bild von deiner Uhr in die Kommentare um in der nächsten Folge dabei zu sein! 👇

#reaktion #job #arbeit #uhren #luxus",,,,,,no,https://www.tiktok.com/@thewatchdive/video/7688030748468727073
thewatchdive,creator,"luxury watches, reacts to eBay Live auctions",thewatchdive,2026-09-21,2026-10-05,13400,842,17,10,unclear,no,,"Geiles Piece von @marli 🔥

#marli #marliclips #berlin #rolex #reaktion",,,,,,no,https://www.tiktok.com/@thewatchdive/video/7687883790001229088
thewatchdive,creator,"luxury watches, reacts to eBay Live auctions",thewatchdive,2026-09-22,2026-10-05,3531,115,7,5,German,no,,"Alternative zur Rolex von @marli 🔥👇

#rolex #marli #marliclips #seiko",,,,,,no,https://www.tiktok.com/@thewatchdive/video/7688338866503159073
thewatchdive,creator,"luxury watches, reacts to eBay Live auctions",thewatchdive,2026-09-22,2026-10-05,526,22,11,1,hashtags only,no,,"🔥🫡

#rolex #edit #wristshot #uhren #luxus",,,,,,no,https://www.tiktok.com/@thewatchdive/video/7688272290147994912
thewatchdive,creator,"luxury watches, reacts to eBay Live auctions",thewatchdive,2026-09-23,2026-10-05,387,12,3,3,unclear,no,,"44mm Beast 🔥

#panerai #watches #uhren #wristshot #CapCut",,,,,,no,https://www.tiktok.com/@thewatchdive/video/7688805109286931745
thewatchdive,creator,"luxury watches, reacts to eBay Live auctions",thewatchdive,2026-09-23,2026-10-05,821,70,3,5,German,no,,"Sehr real 😂🫡

#birthday #uhren #watches #rolex #edit",,,,,,no,https://www.tiktok.com/@thewatchdive/video/7688622011391773984
thewatchdive,creator,"luxury watches, reacts to eBay Live auctions",thewatchdive,2026-09-24,2026-10-05,3868,145,3,3,unclear,no,,"@Jan Mihm - Bester Mann🌹 Check deine Dm‘s :) 

#janmihm🦅 #marli #marliclips #berlin #casio",,,,,,no,https://www.tiktok.com/@thewatchdive/video/7689082443458022688
thewatchdive,creator,"luxury watches, reacts to eBay Live auctions",thewatchdive,2026-09-25,2026-10-05,496,28,2,2,German,no,,"Eine meiner favs! 🔥🫡

#casio #wristshot #uhren #watches #daily",,,,,,no,https://www.tiktok.com/@thewatchdive/video/7689570233245355297
thewatchdive,creator,"luxury watches, reacts to eBay Live auctions",thewatchdive,2026-09-26,2026-10-05,1056,76,2,2,unclear,no,,"Willst du mehr von @Wisdom Kaye Uhren Sammlung sehen? 👀🔥

#fashion #wisdomkaye #richardmille #uhren #luxus","A watch creator breaks down an ultra-rare 160,000 euro Bvlgari x MB&F Serpenti watch worn by fashion influencer Wisdom Kaye, praising its design and matching outfit before asking viewers for their opinions.",,Polished Creator,Review,false,yes,https://www.tiktok.com/@thewatchdive/video/7689765637379476769
thewatchdive,creator,"luxury watches, reacts to eBay Live auctions",thewatchdive,2026-09-27,2026-10-05,811,52,,4,English/other,no,,"Was sagst du zu der Rm von Travis Scott? 
Schreibs mir in die Kommis👇

#travisscott #rap #richardmille #tennis #nadal",,,,,,no,https://www.tiktok.com/@thewatchdive/video/7690298868226968865
thewatchdive,creator,"luxury watches, reacts to eBay Live auctions",thewatchdive,2026-09-28,2026-10-05,1103,55,1,3,German,no,,"Folge 1 Part 2 vom Uhrencheck bei the Gentlemen 🔥

Welche ist dein Favorit? 👇

#thegentlemen #netflix #uhren #serie #filme",,,,,,no,https://www.tiktok.com/@thewatchdive/video/7690578699195845920
thewatchdive,creator,"luxury watches, reacts to eBay Live auctions",thewatchdive,2026-09-29,2026-10-05,415,35,6,2,unclear,no,,"@FCW — Fan City Watches 

#cartier #cartiertank #watches #luxury #wristshot","A watch collector's carousel post showcasing rare Cartier timepieces on a workbench, led by a striking burgundy-dial diamond-bezel model.",,Raw UGC,Carousels,true,yes,https://www.tiktok.com/@thewatchdive/video/7691049657694309664
thewatchdive,creator,"luxury watches, reacts to eBay Live auctions",thewatchdive,2026-09-30,2026-10-05,2850,88,52,3,German,no,,"Part 3 ist out! ⭐️

#uhren #job #game #arbeit #watches",,,,,,no,https://www.tiktok.com/@thewatchdive/video/7691292809919302944
thewatchdive,creator,"luxury watches, reacts to eBay Live auctions",thewatchdive,2026-10-01,2026-10-05,1002,43,3,2,English/other,no,,"Was sagst du dazu! 🫡👇

@Kim Gottwald 

#garmin #sport #joggen #rennrad #rolex",,,,,,no,https://www.tiktok.com/@thewatchdive/video/7691608188482800929
thewatchdive,creator,"luxury watches, reacts to eBay Live auctions",thewatchdive,2026-10-02,2026-10-05,495,31,2,1,English/other,no,,"Was sagst du dazu? 👇🫡

#rating #uhren #rolex #patekphilippe #marcgebauer",,,,,,no,https://www.tiktok.com/@thewatchdive/video/7691968364960369952
thewatchdive,creator,"luxury watches, reacts to eBay Live auctions",thewatchdive,2026-10-03,2026-10-05,557,27,2,3,unclear,no,,"Wer kauft diese Omegas? 👇👀

#omega #golf #audemarspiguet #uhren #frage",,,,,,no,https://www.tiktok.com/@thewatchdive/video/7692351126812855585
thewatchdive,creator,"luxury watches, reacts to eBay Live auctions",thewatchdive,2026-10-04,2026-10-05,667,53,11,10,German,no,,"Welche würdest du nehmen ? 😂🫡

#seiko",,,,,,no,https://www.tiktok.com/@thewatchdive/video/7692810669518884129
thewatchdive,creator,"luxury watches, reacts to eBay Live auctions",thewatchdive,2026-10-04,2026-10-05,148,12,1,1,hashtags only,no,,"Fr 🫡

#rolex #glide #automatic #watches #rating",,,,,,no,https://www.tiktok.com/@thewatchdive/video/7692720895156063521
thewatchdive,creator,"luxury watches, reacts to eBay Live auctions",thewatchdive,2026-10-05,2026-10-05,849,40,2,1,German,no,,"Was hältst du von dieser Submariner? 👇🫡

#rolex #auktion #selten #uhren #bronze",,,,,,no,https://www.tiktok.com/@thewatchdive/video/7693178492149714209
