category,videos,on_topic,on_topic_views,median_views
pokemon/TCG,309,303,2609556,3734
toys/collectibles,247,201,7175276,18300
handbags,178,140,618968,3023
coins,137,136,959558,2685
watches,143,104,114985,400
sports cards,39,39,226877,5187
cameras,40,39,47501,904
patches,18,12,8926,582
Communities total,1111,974,11761647,3228
eBay: German creators,64,64,7170488,1420
eBay: mixed with Kleinanzeigen,8,8,774456,1750
"eBay: eBay.de sellers, not German",50,50,682253,957
eBay total,122,122,8627197,1245
TOTAL (communities + eBay),1233,1096,20388844,3062
"@ebay.de (own account, not in totals)",17,17,14479521,809000
