tier,source,handle,post_date,views,likes,comments,shares,caption,ai_summary,url
German eBay (core),search: ebay live deutsch,angymkvb,2026-03-02,6400000,15100,7,100,Let‘s do some shopping mit eBay Live! Probiert es mal aus ist so nice weil es mal was anderes ist @eBay Deutschland #ad #ebay #shopping,"Creator Angyyy reviews eBay Live in a sponsored video, explaining why live shopping feels like a fashion talk and demonstrating the app interface.",https://www.tiktok.com/@angymkvb/video/7612667544641621270
German eBay (core),search: ebay verkäufer,fc.amos.78,2025-12-05,234900,16700,85,3342,#fcamos #fyp #viral #lustig #ebaykäufer,"A fast-paced comedy sketch on TikTok depicting an absurd used car sale encounter in a parking lot at night, featuring exaggerated arguments, playful vandalism of a white VW Polo, and chaotic group chemistry.",https://www.tiktok.com/@fc.amos.78/video/7580489500577500438
German eBay (core),search: ebay vintage deutsch,airliftvintage,2026-04-16,223500,4620,31,91,Ich dachte….. #flohmarkt #vintagegems #streetwear #airliftvintage #ebaylive,"A vintage streetwear reseller films a first-person POV video haggling over prices for a Palace hoodie and Carhartt pants at a sunny outdoor flea market, promoting their online store and eBay live auctions.",https://www.tiktok.com/@airliftvintage/video/7629306628340272416
German eBay (core),search: ebay live deutsch,thewatchdive,2026-06-03,102800,1639,58,143,"@Klaus Gawron 🫡🔥

#ebay #livestream #audemarspiguet #uhren #königsallee","A watch creator reacts to an eBay livestream where luxury watch dealer Klaus Gawron auctions an Audemars Piguet Royal Oak Chronograph in rose gold, resulting in a sale below retail market value.",https://www.tiktok.com/@thewatchdive/video/7647091353154751776
German eBay (core),search: ebay käufer,fc.amos.78,2026-03-17,52300,2083,11,638,#fcamos #ebay #käufer #auto #viralvideos,"A humorous TikTok comedy skit by creator FcAmos depicting the chaotic and absurd experience of selling a car on eBay Marketplace, featuring exaggerated buyers who nitpick the vehicle and make ridiculous offers.",https://www.tiktok.com/@fc.amos.78/video/7618226584171908385
German eBay (core),search: ebay deutschland,anythingbutcars,2026-07-11,21100,562,14,127,#auto #ebay #deutsch #ausländer #fy,"A short TikTok meme video showing a nighttime drive in a luxury Mercedes-Benz with blue ambient lighting, accompanied by a humorous German text overlay stating that the car was bought from a Herr Müller who left his CD inside.",https://www.tiktok.com/@anythingbutcars/video/7661351015664340256
German eBay (core),search: ebay vintage deutsch,high_tier_kurd,2026-07-27,13700,916,23,423,E opa geht ab #ebay #lustig #deutsch #fyp #viral,"A humorous TikTok post featuring a screenshot of a ridiculous secondhand marketplace negotiation where a buyer offers 40 euros and threatens to come with a chainsaw, accompanied by an aggressive phonk remix audio.",https://www.tiktok.com/@high_tier_kurd/video/7667161282969177376
German eBay (core),search: ebay käufer,fc.amos.78,2025-11-16,12700,704,13,74,#fcamos #fyp #viral #Ebaykäufer #e53amg,"A comedic sketch in which a group of young men roleplay an overly critical buyer inspecting a used Mercedes station wagon purchased from an online marketplace, delivering high-energy, rapid-fire dialogue and chaotic physical comedy.",https://www.tiktok.com/@fc.amos.78/video/7573386131270552854
German eBay (core),"seller account: returns pallets, live auctions",b2b_retourenbros,2026-09-17,9810,142,25,40,Sneaker Schuh Angebot. 100 Paar Schuhe #reseller #ecommerce #ebay,,https://www.tiktok.com/@b2b_retourenbros/video/7686496031483186465
German eBay (core),search: ebay verkaufen,packmysales0,2026-10-02,6515,326,6,3,"Like, Follow und comment - #foryou #ebay #roadto1k #viral #books","A TikTok reseller documents packing three items sold on eBay—a Harry Potter anniversary book and two Tonies audio figures—highlighting their low purchase prices versus high resale values, set against the backdrop of a cluttered bedroom.",https://www.tiktok.com/@packmysales0/video/7691932137158692128
German eBay (core),seller account: reseller packing eBay.de sales,packmysales0,2026-09-11,6433,384,11,4,Hope you Like It. #foryou #ebay #packages #roadto1k #nerf,,https://www.tiktok.com/@packmysales0/video/7684145085503524129
German eBay (core),"seller account: vintage streetwear, eBay Live auctions",airliftvintage,2026-08-17,5523,56,3,2,"Ich hätte nicht gedacht, dass das funktioniert. 💀

Jetzt bin ich gespannt, wie ihr das seht… 👀

⠀⠀⠀⠀⠀⠀⠀⠀⠀⠀⠀⠀⠀⠀⠀⠀⠀⠀

Bis zu 5x die Woche live bei eBay 🧢
#Flohmarkt #Flohmarktfunde #FleaMarket #Vinta",,https://www.tiktok.com/@airliftvintage/video/7674909537748421920
German eBay (core),"seller account: returns pallets, live auctions",b2b_retourenbros,2026-09-02,5223,52,3,3,#retourenbros #ecommerce #ebay #reseller,,https://www.tiktok.com/@b2b_retourenbros/video/7680999612789886240
German eBay (core),seller account: reseller packing eBay.de sales,packmysales0,2026-09-12,4346,257,8,5,What I Sold Today #foryou #ebay #roadto1k #viral #manga,,https://www.tiktok.com/@packmysales0/video/7684541733614505249
German eBay (core),"seller account: returns pallets, live auctions",b2b_retourenbros,2026-08-17,4282,41,45,9,100 Produkte an einem Tag auf ebay inserieren #retourenbros #ebay #ecommerce,,https://www.tiktok.com/@b2b_retourenbros/video/7674981691659652384
German eBay (core),seller account: reseller packing eBay.de sales,packmysales0,2026-09-04,3970,273,5,3,Leave a follow..#foryou #ebay #packages #roadto1k #viral,,https://www.tiktok.com/@packmysales0/video/7681593351702973728
German eBay (core),seller account: reseller packing eBay.de sales,packmysales0,2026-09-24,3795,163,9,,Thanks for 250 Follower✅ - next 500 - #foryou #ebay #roadto1k #viral #samsung,,https://www.tiktok.com/@packmysales0/video/7688963926909848864
German eBay (core),seller account: reseller packing eBay.de sales,packmysales0,2026-08-24,3724,188,4,3,#foryou #ebay #packages #serie,,https://www.tiktok.com/@packmysales0/video/7677601855936974113
German eBay (core),seller account: reseller packing eBay.de sales,packmysales0,2026-09-16,3572,246,8,2,Little Upgrade.#foryou #ebay #roadto1k #viral #phone,,https://www.tiktok.com/@packmysales0/video/7685993943011478817
German eBay (core),seller account: reseller packing eBay.de sales,packmysales0,2026-09-03,3371,202,9,1,See what I Sold Today- #foryou #ebay #packages #roadto1k #viral,,https://www.tiktok.com/@packmysales0/video/7681223919260503328
German eBay (core),"seller account: returns pallets, live auctions",b2b_retourenbros,2026-09-11,3240,58,4,10,@scanlyai.de 100 Ebay Produkte an einem Tag inserieren #ecommerce #retourenbros #ebay #reseller,,https://www.tiktok.com/@b2b_retourenbros/video/7684222657860029729
German eBay (core),seller account: reseller packing eBay.de sales,packmysales0,2026-08-16,3211,171,2,1,#foryou #forupage #ebay #packages #books,,https://www.tiktok.com/@packmysales0/video/7674657873879649568
German eBay (core),seller account: reseller packing eBay.de sales,packmysales0,2026-09-06,3026,228,3,3,Hope you Like the Video #foryou #ebay #packages #roadto1k #viral,,https://www.tiktok.com/@packmysales0/video/7682305763439660321
German eBay (core),seller account: reseller packing eBay.de sales,packmysales0,2026-09-13,2680,155,3,3,"Like, comment and follow #foryou #ebay #roadto1k #viral #manga",,https://www.tiktok.com/@packmysales0/video/7684990405422615841
German eBay (core),seller account: reseller packing eBay.de sales,packmysales0,2026-08-22,2654,139,3,7,#foryou #watch #ebay #packages #nintendo,,https://www.tiktok.com/@packmysales0/video/7676811210251177249
German eBay (core),search: ebay live deutschland,diegoldfrau,2025-11-27,2524,33,4,2,"KLICKT AUF FOLGEN ♡
#fürdich #schmuck #goldfrau #neu #stream 

https://www.ebay.de/ebayLive/events/El2Fav0dM2ROFgr4?stype=1&sssrc=4381843&mkcid=16&mkevt=1&ssspo=H--SMkJsRP-&ssuid=zHdl-yJ9Sg2&mkrid=707","GoldFrau announces her upcoming pioneering jewelry live stream event on Ebay for Black Friday, encouraging viewers to follow her store and save the event.",https://www.tiktok.com/@diegoldfrau/video/7577372522740534550
German eBay (core),seller account: reseller packing eBay.de sales,packmysales0,2026-08-30,2383,153,4,,Leave a Like and a Comment  #ebay #foryou #packages #watch,,https://www.tiktok.com/@packmysales0/video/7679876673709329696
German eBay (core),seller account: reseller packing eBay.de sales,packmysales0,2026-08-27,2311,164,3,1,#foryou #ebay #packages #dragonball #manga,,https://www.tiktok.com/@packmysales0/video/7678593581786860832
German eBay (core),seller account: reseller packing eBay.de sales,packmysales0,2026-09-25,2255,180,9,,Like comment follow - #foryou #ebay #roadto1k #viral #guitar,,https://www.tiktok.com/@packmysales0/video/7689337326828342560
German eBay (core),"seller account: returns pallets, live auctions",b2b_retourenbros,2026-09-24,1776,10,3,1,Antwort auf @L und S Retouren #ebay #reseller @scanlyai.de,,https://www.tiktok.com/@b2b_retourenbros/video/7688808926422355232
German eBay (core),"seller account: returns pallets, live auctions",b2b_retourenbros,2026-09-26,1617,17,3,1,Mega Herbst Winter Jacken für B2B #reseller #ecommerce #ebay,,https://www.tiktok.com/@b2b_retourenbros/video/7689498324143017248
German eBay (core),seller account: reseller packing eBay.de sales,packmysales0,2026-08-21,1429,75,1,,#foryou #forupage #ebay #packages,,https://www.tiktok.com/@packmysales0/video/7676511770751536417
German eBay (core),"seller account: returns pallets, live auctions",b2b_retourenbros,2026-09-23,1411,11,1,1,Antwort auf @Dominik.K. @scanlyai.de #ebay #reseller,,https://www.tiktok.com/@b2b_retourenbros/video/7688807830689828129
German eBay (core),"seller account: returns pallets, live auctions",b2b_retourenbros,2026-08-25,1361,27,3,2,Antwort auf @Auktion101 #ebay #retourenbros #ecommerce #onlineshop,,https://www.tiktok.com/@b2b_retourenbros/video/7677904858921405729
German eBay (core),"seller account: returns pallets, live auctions",b2b_retourenbros,2026-10-04,1352,14,4,4,275 Artikel auf ebay inseriert mit @scanlyai.de #reseller #ebay,,https://www.tiktok.com/@b2b_retourenbros/video/7692756159165402401
German eBay (core),seller account: reseller packing eBay.de sales,packmysales0,2026-08-17,1174,76,3,1,#foryou #forupage #ebay #packages #jamesbond,,https://www.tiktok.com/@packmysales0/video/7675022531664842017
German eBay (core),search: ebay deutschland,recommerce_360,2026-07-14,1042,22,5,5,#ebayreseller #amazonreturnspallets #deutschland #fyp,A short B2B promotional video from a German recommerce account displaying warehouse inventory of Amazon returned stock and liquidation pallets available for eBay and Amazon resellers.,https://www.tiktok.com/@recommerce_360/video/7662419845807394081
German eBay (core),"seller account: returns pallets, live auctions",b2b_retourenbros,2026-09-23,1030,11,1,3,Antwort auf @Neo369 @scanlyai.de #ebay #reseller,,https://www.tiktok.com/@b2b_retourenbros/video/7688807519057202464
German eBay (core),seller account: reseller packing eBay.de sales,packmysales0,2026-08-11,972,54,1,6,#foryou #forupage #ebay #watch #packages,,https://www.tiktok.com/@packmysales0/video/7672764527108279585
German eBay (core),search: ebay autoteile,cleansmokez,2026-10-04,932,35,7,5,Der verkäufer war erstaunt😂 #Stuttgart #twingo #fyp #transporter #ebay,"A humorous TikTok video documenting a driver successfully transporting an oversized rattan garden couch inside a tiny Renault Twingo, defying the seller's warning.",https://www.tiktok.com/@cleansmokez/video/7692918945216580896
German eBay (core),seller account: reseller packing eBay.de sales,packmysales0,2026-08-19,912,81,1,,#foryou #forupage #ebay #packages #lego,,https://www.tiktok.com/@packmysales0/video/7675761574321147168
German eBay (core),seller account: reseller packing eBay.de sales,packmysales0,2026-08-10,841,62,1,,#foryou #forupage #ebay #skylanders,,https://www.tiktok.com/@packmysales0/video/7672342516963740961
German eBay (core),"seller account: vintage streetwear, eBay Live auctions",airliftvintage,2026-09-20,839,6,,,ZWISCHEN STREETWEAR UND VINTAGE PIECES GIBT ES EINE PS5 + SWITCH 2 FÜR JE 1€ SOFORTKAUF IM STREAM! #livestream #liveshopping #ebaylive #shopairlift #liveauktion,,https://www.tiktok.com/@airliftvintage/video/7687623089311452449
German eBay (core),"seller account: vintage streetwear, eBay Live auctions",airliftvintage,2026-09-22,828,5,1,,GEBEN UND NEHMEN SAGEN WIR DAZU 🚨 #ebaylive #livestreaming #liveauktion #shopairlift #ps5,,https://www.tiktok.com/@airliftvintage/video/7688328309570145568
German eBay (core),"seller account: vintage streetwear, eBay Live auctions",airliftvintage,2026-09-19,789,6,,,#ps5 #livestream #giveaway #switch2 #ebaylive,,https://www.tiktok.com/@airliftvintage/video/7687200119501901089
German eBay (core),"seller account: vintage streetwear, eBay Live auctions",airliftvintage,2026-08-18,733,3,,,PlayStation 5 + Meta Glass 2 für 1€ Sofortkaufpreis! #ebaylive #ebay #livestream #metaglasses #playstation5,,https://www.tiktok.com/@airliftvintage/video/7675448910726303008
German eBay (core),search: ebay deutschland,echtheitscheck,2026-10-01,595,4,,,"https://www.ebay.de/ebaylive/sellers/rlijknxqtcq 
• @eBay Deutschland 
#echtheitscheck #ebaylive","Echtheitscheck.de announces an exclusive eBay Live shopping event starting October 5th in partnership with eBay Deutschland, presented by a professionally styled expert holding luxury leather goods in an aesthetic retail setting.",https://www.tiktok.com/@echtheitscheck/video/7691647852224810273
German eBay (core),search: ebay haul deutsch,klemmbausteine5,2025-11-16,428,26,,,#klemmbausteine #lego #stad #deutsch #römischesreich,A LEGO collector shares a haul video discussing a disappointing flea market trip with high prices contrasted with a successful eBay purchase of rare vintage blind-bagged minifigures from England.,https://www.tiktok.com/@klemmbausteine5/video/7573237232119713055
German eBay (core),search: ebay betrug,fitna.ist.mobbing,2026-10-02,400,3,,2,#Spender #Betrug #Ebay #Püppi,"An accusatory rap video set to a screen recording of legal documents and eBay feedback pages, alleging fraudulent behavior regarding donations and charitable funds.",https://www.tiktok.com/@fitna.ist.mobbing/video/7692176591366933792
German eBay (core),"seller account: authentication service, eBay Live events",echtheitscheck,2026-10-03,381,4,,1,"Wir sehe man uns am Montag bei @eBay Deutschland 
#echtheitscheck #ebaylive #livestream",,https://www.tiktok.com/@echtheitscheck/video/7692523888495922464
German eBay (core),"seller account: vintage streetwear, eBay Live auctions",airliftvintage,2026-09-28,360,11,,,HEUTE 19:00 UHR BEI EBAY LIVE 🔥🔥 #ebaylive #liveauktion #supreme #travis #vintage,,https://www.tiktok.com/@airliftvintage/video/7690629388727045409
German eBay (core),"seller account: bags, eBay.de listings",virello__shop,2026-09-11,302,3,,,#deal #viral #ebayde #foryoupage #dream,,https://www.tiktok.com/@virello__shop/video/7684353498309233953
German eBay (core),search: ebay schnäppchen,virello__shop,2026-07-15,296,1,,1,#ebay #ebayde #tasche #deal #schnäppchen,"A TikTok promotional post by virello-shop showcasing a brown tote bag with blue rope handles worn by a female model against a minimalist backdrop, highlighting a price drop from 45€ to 24,99€.",https://www.tiktok.com/@virello__shop/video/7662632362118745377
German eBay (core),seller account: eBay.de seller,aureliehaas55,2026-09-14,286,2,,,"Jetzt auf eBay F?!:&, Vinted 🤣 #ebay #vinted #ebayreseller #resellercommunity #secondhand",,https://www.tiktok.com/@aureliehaas55/video/7685476797869296929
German eBay (core),seller account: eBay.de seller,aureliehaas55,2026-09-17,278,1,,,#ebay #ebayreseller #ebaydeutschland #secondhand #kleidung,,https://www.tiktok.com/@aureliehaas55/video/7686485272770530592
German eBay (core),seller account: eBay.de seller,aureliehaas55,2026-09-27,272,0,,,https://ebay.io/m/xfPT84 eBay: aureliesylvie #ebay #secondhandfashion #ebaydeutschland #reseller,,https://www.tiktok.com/@aureliehaas55/video/7690231865239751968
German eBay (core),seller account: eBay.de seller,aureliehaas55,2026-09-19,265,1,,,"eBay: aureliesylvie, kommt vorbei 😊 #ebay #ebayreseller #ebaydeutschland #resellercommunity",,https://www.tiktok.com/@aureliehaas55/video/7687356026357648673
German eBay (core),seller account: eBay.de seller,aureliehaas55,2026-09-23,261,1,,,#tise #ebay #reseller #secondhandfashion #streetfashion,,https://www.tiktok.com/@aureliehaas55/video/7688620597932313889
German eBay (core),seller account: eBay.de seller,aureliehaas55,2026-09-16,257,1,,,#ebay #ebayreseller #resellercommunity #secondhand #streetfashion,,https://www.tiktok.com/@aureliehaas55/video/7686053097780563232
German eBay (core),seller account: eBay.de seller,aureliehaas55,2026-09-24,253,0,,,#ebay #reseller #secondhandfashion #streetfashion #ebaydeutschland,,https://www.tiktok.com/@aureliehaas55/video/7689155912916815136
German eBay (core),seller account: eBay.de seller,aureliehaas55,2026-09-27,250,0,,,#ebay #secondhandfashion #reseller #streetfashion #ebaydeutschland,,https://www.tiktok.com/@aureliehaas55/video/7690288993581141280
German eBay (core),seller account: eBay.de seller,aureliehaas55,2026-09-15,246,1,1,,#ebay #ebayreseller #resellercommunity #secondhand,,https://www.tiktok.com/@aureliehaas55/video/7685818737601023264
German eBay (core),seller account: eBay.de seller,aureliehaas55,2026-09-25,240,1,,,Ebay: aureliesylvie #ebay #reseller #secondhandfashion #streetfashion #ebaydeutschland,,https://www.tiktok.com/@aureliehaas55/video/7689436209118219553
German eBay (core),seller account: eBay.de seller,aureliehaas55,2026-09-17,232,0,1,,#ebay #ebayreseller #resellercommunity #secondhand #streetfashion,,https://www.tiktok.com/@aureliehaas55/video/7686462143247502625
German eBay + Kleinanzeigen mixed,search: ebay de,101.med1n,2026-04-20,630200,31600,281,17800,#golf #kombi #vw #ebay #kleinanzeigenfails,"A TikTok post showcasing a hilariously fake car listing on the German classifieds platform Kleinanzeigen, highlighting absurd specs and rendered photos.",https://www.tiktok.com/@101.med1n/video/7630786543682211105
German eBay + Kleinanzeigen mixed,search: ebay käufer,afrim.com,2026-05-24,122300,2435,102,93,Iphone 14 für 100€ #iphone #kaufen #verkaufen #deals #ebay,"A creator documents how he successfully negotiated the price of an iPhone 14 down to 100 euros on eBay Kleinanzeigen, displaying screenshots of the listing and chat logs while showing the physical phone's condition.",https://www.tiktok.com/@afrim.com/video/7643507493338975520
German eBay + Kleinanzeigen mixed,search: ebay deutschland,yabanci_tv,2026-08-26,16600,189,4,106,#ebay #vinted #kleinanzeigen #satis #para,"A Turkish creator on TikTok warns second-hand sellers on eBay Kleinanzeigen and Vinted in Germany about the legal risks of improper private sale disclaimers, providing the exact German legal phrasing required to avoid lawsuits.",https://www.tiktok.com/@yabanci_tv/video/7678392384555715872
German eBay + Kleinanzeigen mixed,search: ebay funde,nina.schaefer02,2026-08-27,2183,128,4,1,ich liebe ebay 🥹 #ebaykleinanzeigen #ebayfinds #kommode #erstewohnung #interiordesign,"A young woman enthusiastically documents finding a free vintage wooden sideboard on eBay Kleinanzeigen, enlisting her boyfriend to help transport it, and placing it in her new apartment where it matches her Pinterest inspiration board.",https://www.tiktok.com/@nina.schaefer02/video/7678732873918123297
German eBay + Kleinanzeigen mixed,search: ebay betrug,tdkroof_ohb,2026-01-24,1317,32,8,5,Gabel auf Kopf zieht immer 😎 #kleinanzeigen #betrug #ebay #paypal #scam,"A creator exposes an online scammer on Kleinanzeigen by tricking him into generating increasingly absurd AI verification photos, including holding a fork on his head.",https://www.tiktok.com/@tdkroof_ohb/video/7598862857870003478
German eBay + Kleinanzeigen mixed,search: ebay käufer,rals1829,2026-01-25,966,56,,8,Immer die gleichen #fyy #ebay #auto #viral,"A comedic TikTok sketch by creator RALS parodies buying a car on eBay Kleinanzeigen, where a seller claims a vehicle is in pristine condition while his friends find microscopic scratches and declare it a total write-off, culminating in a ridiculous 1,000 euro and iced tea counteroffer.",https://www.tiktok.com/@rals1829/video/7599329798422547715
German eBay + Kleinanzeigen mixed,search: ebay gebühren,richrizz.de,2026-01-27,452,5,,1,#fy #ebay #kleinanzeigenfails,"A TikTok reaction video featuring a screen recording of an absurd classifieds listing selling half-eaten kebab food for 3 euros, accompanied by an incredulous voiceover commentary questioning the seller's sanity.",https://www.tiktok.com/@richrizz.de/video/7600172922270960918
German eBay + Kleinanzeigen mixed,search: ebay betrug,rambos.tankstelle,2025-12-29,438,3,3,,"Betrug auf ebay

#ebay #betrügermasche #warnung","A creator reacts with disbelief and frustration to an obvious phishing scam attempt on eBay Kleinanzeigen, warning his audience to report such accounts.",https://www.tiktok.com/@rambos.tankstelle/video/7589327624258735382
"eBay.de market, not German creators",search: auf ebay gefunden,vikas.binder,2026-09-12,352700,54300,118,1815,🛍️eBay: https://www.ebay.de/itm/398381163055?var=&mkevt=1&mkcid=16&mkrid=707-127634-2357-0&sssrc=4429486&ssuid=ccpc2jngq9y&ssspo=ccpc2jngq9y&stype=1&widget_ver=artemis&media=MORE#Pokemon #custombinde,"A creator showcases a handmade, custom bedazzled Pokémon trading card binder featuring Slowpoke, building suspense with text and sound effects before revealing the intricate beadwork, with an eBay purchase link provided in the caption.",https://www.tiktok.com/@vikas.binder/video/7684650819165211937
"eBay.de market, not German creators",search: ebay vintage deutsch,eleonoremariestifter,2026-09-09,103900,15700,162,526,"I will literally die on this hill, go but vintage!!! Get it altered!! Be unique!! 
#vintageweddinggown #vintageverawang #viennawedding #2026bride @eBay UK @ebay @eBay Deutschland","A fashion creator showcases a vintage Vera Wang wedding gown purchased on eBay for under 500 dollars, shot inside an elegant historic venue in Vienna, effectively promoting sustainable luxury bridal fashion.",https://www.tiktok.com/@eleonoremariestifter/video/7683443044250832150
"eBay.de market, not German creators",search: ebay haul deutsch,jessicawxx,2026-02-08,70500,11300,220,261,Literally begged the ebay seller to ship to me from germany but worth it #vintage #ebay #vintagefashion #burberry #unboxing,"A fashion creator documents the unboxing of a rare vintage leather shoulder bag shipped from Germany after customs delays, showcasing its unique studded design.",https://www.tiktok.com/@jessicawxx/video/7604281819248282893
"eBay.de market, not German creators",search: ebay haul deutsch,cosmicspin8,2026-04-18,26700,1431,30,53,Beyblade Unboxing from Ebay #beyblademetalfusion #unboxing #haul #shoppinghauls #ebay,"A silent TikTok unboxing video showcasing a massive lot of vintage Beyblade Metal Fusion toys purchased from eBay for 30 euros, featuring detailed sorting of launchers, parts, and iconic named models.",https://www.tiktok.com/@cosmicspin8/video/7630059091645254945
"eBay.de market, not German creators",search: ebay verkäufer,ebay_qu33n,2026-09-16,21100,199,16,4,Alhamdulillah 🥰#toprated #ecommerce #ebayseller,"An e-commerce seller on TikTok shares a screen recording of their eBay dashboard celebrating a 450 euro sales day, accompanied by Punjabi background music and relevant e-commerce hashtags.",https://www.tiktok.com/@ebay_qu33n/video/7686269969067281684
"eBay.de market, not German creators",search: ebay bestellung,ecomnexus.pk,2026-07-24,12700,704,20,51,"eBay🇫🇷
#eCommerce 
#eBay 
#fyp 
#OnlineBusiness 
#viral","A short, music-driven TikTok post by Ecom Nexus showing a slow zoom-in on an eBay Seller Hub dashboard displaying over 1,200 euros in funds, framed within an aesthetic desktop workspace to signal e-commerce success.",https://www.tiktok.com/@ecomnexus.pk/video/7665969266054728981
"eBay.de market, not German creators",search: ebay live deutsch,aliyaa1415,2026-06-20,12300,680,24,14,#ebaygermany #ebaydropshipping #ebayaustralia #ebayuk #fyp,"A short-form screen recording demonstrating the successful activation and initial performance of a new eBay Germany dropshipping account, achieving 6 live listings and generating 80.49 EUR within 24 hours.",https://www.tiktok.com/@aliyaa1415/video/7653576136743505173
"eBay.de market, not German creators",search: ebay paket,packmysales0,2026-08-15,10500,608,8,4,#foryou #forupage #ebay #packages #ebay,"A TikTok POV video by packmysales0 documenting the sale and fulfillment of a 22-piece Marvel Blu-ray collection on eBay for 69.90 euros, showing the item being packed in a cluttered bedroom and dropped off at a parcel locker.",https://www.tiktok.com/@packmysales0/video/7674298365676440864
"eBay.de market, not German creators",search: ebay live deutsch,marc.gebauer,2026-08-20,8151,156,10,6,"EBAY STREAM : https://www.ebay.de/ebaylive/events/sSR2E3YbhHurfdss

#marcgebauer #watches #ebay #live #fy","A brand representative announces an upcoming live stream auction on eBay featuring luxury watches starting at one euro, encouraging viewers to participate.",https://www.tiktok.com/@marc.gebauer/video/7676106834729504032
"eBay.de market, not German creators",search: ebay deutschland,muneebraj21,2026-08-15,7941,172,33,5,"eBay Saturday Update, next video will be uploaded on sunday #eBay  #eBaySelling #eCommerce #eBayDropshipping #germany🇩🇪","An e-commerce creator shares their eBay Saturday update using a viral dancing cat AR overlay and a screen recording of their dashboard, issuing a challenge for other sellers to record and refresh their pages.",https://www.tiktok.com/@muneebraj21/video/7674325377191365906
"eBay.de market, not German creators",search: ebay verkaufen,packmysales0,2026-09-19,7308,268,5,2,Look what I Sold #foryou #ebay #roadto1k #viral #ernie,"A reselling creator documents packing and shipping a vintage Rock N Roll Ernie plush toy sold on eBay for 30.00 euros from a cluttered bedroom inventory space, showcasing the practical steps of online selling.",https://www.tiktok.com/@packmysales0/video/7687108844366859552
"eBay.de market, not German creators",search: auf ebay verkauft,packmysales0,2026-09-22,6771,384,8,4,Look what I Sold Today - #foryou #ebay #roadto1k #viral #books,A first-person reselling vlog showing a creator packing up an eBay order of Woodwalkers books that sold for 54.90 euros after being purchased for 10 euros.,https://www.tiktok.com/@packmysales0/video/7688220905742388512
"eBay.de market, not German creators",search: auf ebay verkauft,packmysales0,2026-09-30,5977,348,4,2,God bless - #foryou #ebay #roadto1k #viral #books,"A TikTok POV video documenting a reseller packing and shipping a 12-book Sebastian Fitzek bundle sold on eBay for 69.90 euros, part of a road-to-1k sales series.",https://www.tiktok.com/@packmysales0/video/7691189344492686625
"eBay.de market, not German creators",search: ebay live deutschland,tkknownledge.ebay,2026-03-15,4607,99,12,25,Ebay best selling products Germany 🇩🇪 #germany #foryouthisvideo😍😍,"A screen recording showcasing a top-selling facial massage brush on eBay and Amazon in Germany, accompanied by motivational Hindi dialogue about staying on top.",https://www.tiktok.com/@tkknownledge.ebay/video/7617520533634125077
"eBay.de market, not German creators",search: ebay de,holladaze_,2025-11-04,3164,15,1,,"biggest shoutout ever to @ebay for putting my song “LOOK!!!!!!” in their latest german ad campaign   

#ebay #fy",Musician Kevin Holliday shares his excitement and gratitude on TikTok after having his original song featured in a major German television advertising campaign for eBay.,https://www.tiktok.com/@holladaze_/video/7568994591676960031
"eBay.de market, not German creators",search: ebay deutschland,mr.can904,2026-07-25,3119,159,21,1,"🚀 eBay Dropshipping Germany – Batch 2

We are starting the next batch from next week, designed for anyone who wants to build a profitable eBay business in Germany.

This is a complete step-by-step tr","Creator Hamza Arain pairs a caption promoting his upcoming eBay Dropshipping Germany Batch 2 training course with a video of himself sitting at his desk, delivering a sincere, spiritually grounded reflection in Urdu about humility and divine grace",https://www.tiktok.com/@mr.can904/video/7666441836784831776
"eBay.de market, not German creators",search: ebay deutschland,hinda_new,2026-04-21,2814,99,7,16,Documents need for online Business in Germany 🇩🇪 #deutschland🇩🇪 #business #ebaydropshipping,"Creator Hinda outlines the essential legal and financial requirements for starting an online business or dropshipping enterprise in Germany, delivered in Punjabi with on-screen text overlays.",https://www.tiktok.com/@hinda_new/video/7631222632972619041
"eBay.de market, not German creators",search: ebay verkäufer,ebaygrowthlab,2026-09-20,2682,147,8,8,"Stock model 🇬🇧

#ebayseller #ebaygermany #ebaydeals #ebaybusniess","An e-commerce creator showcases their eBay business dashboard with significant sales volume and an extensive stock inventory spreadsheet, utilizing upbeat background music and text overlays to appeal to aspiring online sellers.",https://www.tiktok.com/@ebaygrowthlab/video/7687718282748595463
"eBay.de market, not German creators",search: ebay deutschland,climb.with.me,2026-04-19,2361,17,6,,I love to communicate with people so much 🫠 #tv #ebay #німеччина #germany,"A humorous TikTok video documenting the universal pain of trying to sell an expensive television on a German second-hand marketplace, highlighted by absurdly low buyer offers and a snappy, sound-synced editing style.",https://www.tiktok.com/@climb.with.me/video/7630435470366739720
"eBay.de market, not German creators",search: ebay deutschland,ahsanecomerce,2026-08-02,1827,69,10,3,176 Orders in 1 Month 😱 | Germany eBay Winning Product 2026 I found another winning product that's already reached 176 orders in just one month on eBay Germany. If you're looking for high-demand prod,"A TikTok video by Ahsan E-commerce showcasing a winning product on eBay Germany that achieved 176 orders in one month, targeting aspiring online sellers and dropshippers with data-backed research.",https://www.tiktok.com/@ahsanecomerce/video/7669429618868292882
"eBay.de market, not German creators",search: ebay käufer,nadukmentor,2026-01-29,1471,28,3,7,"ebay MC011 Explained 
#ebay #ecommerce #tiktokpakistan #tiktokusa #tiktokgermany","An e-commerce creator explains eBay's MC011 account limitation notice, detailing invoice verification, high-risk goods, and buyer safety reviews while offering mentor advice on compliance.",https://www.tiktok.com/@nadukmentor/video/7600905290762013974
"eBay.de market, not German creators",search: ebay vintage deutsch,swagantiques,2025-10-07,1149,17,2,,"Buy It Now @swagantiqueslv EBay Store!

AS-IS Used! Vintage German Metal Embossed Street Sign “ALDINGER STRASSE” Aldinger Street. 20 1/2” Wide! Cool Black & White Sign from Germany! 

#swagantiqueslv","A short promotional video by SWAG Antiques showcasing a vintage German street sign for sale on their eBay store, featuring close-up panning shots and text overlays.",https://www.tiktok.com/@swagantiques/video/7558304551489621261
"eBay.de market, not German creators",search: ebay deutschland,ahecom7,2026-08-04,1135,55,5,1,"🚀 New Germany eBay Account!
Alhamdulillah! 📦 16 Orders in just 3 Days.
Consistency, the right strategy, and patience make all the difference. 💯

Want to learn eBay or need help growing your store?","Ali Haider showcases the early success of a new Germany-based eBay dropshipping account, highlighting 16 orders generated in just 3 days to attract prospective e-commerce coaching clients.",https://www.tiktok.com/@ahecom7/video/7670091139189411092
"eBay.de market, not German creators",search: ebay paket,packmysales0,2026-08-20,1067,90,1,,#foryou #forupage #ebay #packages,"A first-person reselling vlog showing the packing and shipping process of a DVD box set sold on eBay for 34.90 euros, culminating in a drop-off at a DHL parcel locker.",https://www.tiktok.com/@packmysales0/video/7676114158659570977
"eBay.de market, not German creators",search: ebay live deutschland,beeridropshipper07,2026-06-29,1066,41,,5,"1- Big buy 
 Europe-based wholesaler
Germany buyers ke liye fast delivery
Bay compatible catalog aur automation support

electronic+ Home Goods + Beauty good

2-  Avasam

High Catageory is Home Good.","A creator provides a structured list of the top five dropshipping suppliers for eBay sellers operating in Germany, detailing features like fast delivery, catalog compatibility, and automation tools across platforms such as BigBuy, Avasam, Printful, Syncee, and Oberlo.",https://www.tiktok.com/@beeridropshipper07/video/7656745473411222792
"eBay.de market, not German creators",search: ebay paket,packmysales0,2026-08-08,848,68,6,,#foryou #forupage #ebay #packages,"A creator documents the quick process of packing and shipping a sold Harry Potter book set for 189.90 euros on eBay, transitioning from a cluttered bedroom to a DHL Packstation locker.",https://www.tiktok.com/@packmysales0/video/7671587154744708384
"eBay.de market, not German creators",search: ebay deutschland,darealrickyross,2026-02-26,759,21,3,,"How to make 100€ or more on Ebay Germany today. Click link in my bio and download free guide.
#ebaygermany🇩🇪 #howtolistonebay #100euros #100euro #ebaygermany","Creator Christian Emeka Inyamah demonstrates how to earn over 100 Euros on Ebay Germany by selling grocery items in bundles, utilizing a jar of mayonnaise and dashboard screenshots as proof before offering a free instructional guide.",https://www.tiktok.com/@darealrickyross/video/7611100678508793091
"eBay.de market, not German creators",search: ebay live deutschland,royishere_,2026-07-09,720,92,1,3,Ebay Germany🇩🇪🇩🇪 #growaccount #fyp #unfreezemyacount #viral #ebay,"A TikTok video featuring a screen recording of an eBay Germany seller dashboard with over 10,000 euros in sales, aimed at an e-commerce and account growth community.",https://www.tiktok.com/@royishere_/video/7660515454808509716
"eBay.de market, not German creators",search: ebay live deutschland,ahsanecomerce,2026-08-10,693,56,5,,"eBay Proffesional description 
#ebay
#dropshipping#winingproduct
#eBaySeller
#ecommerce","An e-commerce tutorial video presenting proof of a high-selling bicycle light set on eBay in Germany, aimed at dropshippers and online sellers.",https://www.tiktok.com/@ahsanecomerce/video/7672422226800413960
"eBay.de market, not German creators",search: ebay deutschland,darealrickyross,2026-08-10,584,14,2,3,Paid €25.96 sold €63.98 on eBay 🇩🇪 but only made €7.20 profit but I didn't even have the product when I listed it. inbox me if u are interested in ebay Germany #ebaygermany #ebayseller,"A creator demonstrates a successful retail arbitrage transaction on eBay Germany, detailing how he sourced dog food after a sale was made, packed it, shipped it, and netted a 7.20 euro profit after fees.",https://www.tiktok.com/@darealrickyross/video/7672376158805036321
"eBay.de market, not German creators",search: ebay deutschland,royishere_,2026-06-26,565,104,1,5,Ebay Germany🇩🇪 #ebay #unfreezemyacount #fyp #growaccount,"An e-commerce seller on TikTok showcases their eBay Germany dashboard analytics, highlighting over 7,000 euros in sales over 90 days to demonstrate business success and engage the online selling community.",https://www.tiktok.com/@royishere_/video/7655648156721351957
"eBay.de market, not German creators",search: ebay live deutschland,alimustafa3413,2026-09-22,525,22,5,1,eBay Germany #foryou #ebay #ebaydropshipping #trending #germany🇩🇪 @Ali Mustafa,"An e-commerce seller named Ali Mustafa posts a TikTok video showing his eBay Germany dashboard with over 10,000 euros in sales over 90 days, set to Punjabi rap music.",https://www.tiktok.com/@alimustafa3413/video/7688480449492159765
"eBay.de market, not German creators",search: ebay deutschland,royishere_,2026-07-30,460,81,7,1,Ebay Germany🇩🇪 #fyp #grow #unfreezemyacount #viral,"An e-commerce seller on TikTok shares a screen recording of their eBay Germany dashboard displaying over fourteen thousand euros in sales, set against an emotional Arabic song, aiming to showcase business success and build authority within the reseller community.",https://www.tiktok.com/@royishere_/video/7668296103812435221
"eBay.de market, not German creators",search: ebay deutschland,royishere_,2026-08-09,450,83,9,2,Ebay Germany🇩🇪 #fyp #germany🇩🇪 #viral #growaccount,"A creator shares motivational insights in Hindi and English about transitioning from an employee mindset to becoming a business boss, while demonstrating success through a screen recording of an active eBay Germany seller dashboard showing over 17,000 euros in sales.",https://www.tiktok.com/@royishere_/video/7671984707323612437
"eBay.de market, not German creators",search: ebay vintage deutsch,thepiratepicker,2026-05-17,366,20,,2,I Found Vintage West Germany Pastry Servers at a Garage Sale… Then They SOLD on eBay! 🤯 Vintage flips like this are why I love thrifting and reselling on eBay! Hidden treasure is everywhere if you kn,"A thrift reseller shares a profitable flip of vintage West Germany pastry servers purchased for 25 cents each at Goodwill and sold on eBay for nearly $25, offering actionable advice for finding valuable vintage items.",https://www.tiktok.com/@thepiratepicker/video/7640965502361193742
"eBay.de market, not German creators",search: ebay live deutschland,prime.ecom.hub,2026-09-06,318,13,,1,"How to Find Winning Products for Germany eBay Dropshipping | Product Hunting Tutorial 2026

Looking for winning products for the **Germany eBay market**? In this video, I’ll show you how to do effecti",A detailed e-commerce tutorial demonstrating how to conduct product research and profit calculations for eBay dropshipping in the German market using eBay and AliExpress.,https://www.tiktok.com/@prime.ecom.hub/video/7682346019530575122
"eBay.de market, not German creators",search: ebay schnäppchen,nekonews_official,2026-10-02,280,5,,,"Careful packing for every order 📦✨
8 mixed vintage sunglasses — full lot 12€ (1,50€ each)
Find me on 👇

eBay
nekonews1
https://www.ebay.it/sch/i.html?sid=nekonews1&_pgn=1&isRefine=true&_trksid=p4429","A TikTok video by user nekonews showcases the careful packaging of an 8-piece vintage sunglasses lot sold for 12 euros, directing viewers to their Vinted and eBay stores.",https://www.tiktok.com/@nekonews_official/video/7692219481761860897
"eBay.de market, not German creators",search: ebay deutschland,royishere_,2026-09-05,278,53,7,2,"Ebay Germany🇩🇪
#fyp #growaccount #viralvideo #viral #germany","A TikTok video featuring a screen recording of the eBay Germany seller dashboard, showcasing sales volume, traffic statistics, advertising performance, and positive reviews, accompanied by an energetic Arabic background track.",https://www.tiktok.com/@royishere_/video/7682084679515753748
"eBay.de market, not German creators",search: ebay deutschland,aureliehaas55,2026-09-30,275,0,,,#ebay #secondhandfashion #reseller #ebaydeutschland,"A promotional TikTok post by reseller Aurelie showcasing new secondhand fashion, books, and unique items available on her eBay store, utilizing an eye-catching digital sticker collage aesthetic and upbeat looping music.",https://www.tiktok.com/@aureliehaas55/video/7691286997930872096
"eBay.de market, not German creators",search: ebaydeutschland,aureliehaas55,2026-09-19,272,1,,,#ebay ##ebayreseller #ebaydeutschland #secondhand #kleidung,"A TikTok photo carousel by German eBay reseller Aureliesylie announcing a new drop of vintage clothing, books, and DVDs, set to pop music and optimized for thrift culture enthusiasts.",https://www.tiktok.com/@aureliehaas55/video/7687141559606807841
"eBay.de market, not German creators",search: ebay deutschland,princezeeshanhaider,2026-07-29,263,28,17,1,"𝗡𝗲𝘄 𝗚𝗲𝗿𝗺𝗮𝗻𝘆 𝗔𝗰𝗰𝗼𝘂𝗻𝘁 — 𝗥𝗲𝗮𝗹 𝗥𝗲𝘀𝘂𝗹𝘁𝘀 𝗧𝗵𝗿𝗼𝘂𝗴𝗵 𝗖𝗼𝗻𝘀𝗶𝘀𝘁𝗲𝗻𝗰𝘆

Alhamdulillah, my new Germany eBay account is showing encouraging results. The focus remains on pr","An e-commerce consultant shares screen recordings of a newly established German eBay account generating solid revenue, accompanied by an upbeat track and an instructional caption emphasizing consistency and proper research.",https://www.tiktok.com/@princezeeshanhaider/video/7667947191981362452
"eBay.de market, not German creators",search: ebay deutschland,aureliehaas55,2026-10-05,249,0,,,#ebay #secondhandfashion #ebaydeutschland #reseller #streetfashion,An eBay secondhand seller named Aurelie promotes her online shop using a viral TikTok meme format where an animated 3D dancing cat dances over a screen recording of her storefront as product listings scroll past to the tune of Gloria Estefan's Conga.,https://www.tiktok.com/@aureliehaas55/video/7693095488744082721
"eBay.de market, not German creators",search: ebay deutschland,aureliehaas55,2026-10-04,246,3,,,EBay Shop: https://ebay.io/m/Q9anvN #ebay #secondhandfashion #movie #ebaydeutschland #reseller,"A German eBay reseller named Aurelie promotes her online shop through an energetic TikTok video combining a smooth screen-recording scroll of available DVDs, Blu-rays, and clothing with trending rap audio and an eye-catching promotional overlay.",https://www.tiktok.com/@aureliehaas55/video/7692859670712601889
"eBay.de market, not German creators",search: ebay deutschland,ecommercewithsaim,2026-09-19,235,12,1,,"Ebay store Mnagmnet
#germany🇩🇪 #viralvideo #trendingvideo","An e-commerce creator named 'ecommerce with saim' posts a screen recording of a German eBay store dashboard generating over 5,000 EUR in sales over 90 days, soundtracked by an energetic Punjabi rap song about perseverance and success.",https://www.tiktok.com/@ecommercewithsaim/video/7687281773331500309
"eBay.de market, not German creators",search: ebay deutschland,ebaysolutionswithme,2026-07-07,209,21,1,,#eBayStoreManagement #GermanyEbay @Germany,"A short e-commerce flex video showing a newly activated eBay Germany account with six live listings after 24 hours, utilizing platform metrics as social proof.",https://www.tiktok.com/@ebaysolutionswithme/video/7659638188662590727
"eBay.de market, not German creators",search: ebay deutschland,princezeeshanhaider,2026-09-21,206,29,7,,"𝗚𝗲𝗿𝗺𝗮𝗻𝘆 𝗲𝗕𝗮𝘆 𝗔𝗰𝗰𝗼𝘂𝗻𝘁 — 𝗥𝗲𝗮𝗹 𝗥𝗲𝘀𝘂𝗹𝘁𝘀 𝗜𝗻 𝗠𝗼𝗻𝘁𝗵 𝟮

A new account is only the starting point.
The real focus is consistent execution and sustainable growth.

#eBay #eC","A creator showcases month-two financial results for an eBay account operating in the German market, highlighting over 3,100 EUR in revenue to demonstrate e-commerce growth strategies.",https://www.tiktok.com/@princezeeshanhaider/video/7687892637352791317
"eBay.de market, not German creators",search: ebay deutschland,royishere_,2026-09-18,196,44,2,,Germany🇩🇪 #viral #ebay #ds #germany🇩🇪 #growaccount,"A creator shares an e-commerce success flex on TikTok, recording an active German eBay seller dashboard with over 5,400 EUR in 90-day sales and robust traffic metrics, aimed at inspiring other online sellers.",https://www.tiktok.com/@royishere_/video/7686780165485088020
"eBay.de market, not German creators",search: ebay deutschland,ebay.product.hunt,2026-08-17,137,10,3,,🇩🇪🔥 GERMANY ACCOUNT IS BACK! SALES ARE ROLLING AGAIN 🚀💸#ebaydropshipping #ebayseller,"An e-commerce creator on TikTok showcases the successful recovery and sales surge of their German eBay dropshipping account using a live screen recording of their dashboard metrics, accompanied by an energetic Punjabi soundtrack.",https://www.tiktok.com/@ebay.product.hunt/video/7675094705104801045
"eBay.de market, not German creators",search: ebay deutschland,royishere00,2026-08-08,98,3,,,"Ebay Germany🇩🇪🇩🇪
#germany🇩🇪 #ebay #fyp #growmyaccount","An e-commerce seller showcases their German eBay store analytics, highlighting over €10,000 in sales over 90 days alongside high traffic and positive review metrics.",https://www.tiktok.com/@royishere00/video/7671623493435280661
"eBay.de market, not German creators",search: ebay verkäufer,hasnain876.comgmail.com,2026-05-16,11,0,,,#ebayseller,"A promotional advertisement for eBay Germany virtual assistant services targeting e-commerce sellers with comprehensive account management, suspension handling, and optimization offers, featuring direct WhatsApp and direct message contact details.",https://www.tiktok.com/@hasnain876.comgmail.com/video/7640615959702572308
