level,half,group,country,account,accounts,videos,on_topic,views_total,views_on_topic,median_views_on_topic,top_views,top_caption
community/tier total,A: community,pokemon/TCG,Austria/Germany,ALL,6,309,303,2612378,2609556,3734,388800,Hinweis: Die im Video gezeigten Bilder und Aufnahmen wurden live vor Ort aufgenommen und d
account,A: community,pokemon/TCG,Germany,sandrosir,1,205,204,2295236,2293708,5104,388800,Hinweis: Die im Video gezeigten Bilder und Aufnahmen wurden live vor Ort aufgenommen und d
account,A: community,pokemon/TCG,Germany,pkchomps,1,53,53,42878,42878,513,5308,Ich sammle ALLE Top Trainer Boxen #Pokémon #sammeln #pokemon #collecting #sammelkarten
account,A: community,pokemon/TCG,Austria,cardhome_store,1,19,19,150385,150385,4037,37200,🎉 WIR ERÖFFNEN! Am 16.09.2026 ist es endlich soweit: Der Cardhome Store in Wien öffnet sei
account,A: community,pokemon/TCG,Germany,hypegen.87,1,19,14,7287,5993,442,733,Pokémon tin öffnen # Pokémon
account,A: community,pokemon/TCG,Germany,nilopacks,1,7,7,27792,27792,1822,16000,Das ist wirklich crazy #Pokemon #sammelkarten #onlineshop #ankauf #gewerbe
account,A: community,pokemon/TCG,Germany,dave_mps,1,6,6,88800,88800,11900,21800,Leute war das ein GODPACK !? 🤯 BIN ICH JETZT REICH !? #pokemon #pokemoncards #pokemon30 #p
community/tier total,A: community,toys/collectibles,DE/AT unclear/Germany,ALL,4,247,201,8537373,7175276,18300,457100,Wax Cracking ist unsere neue Leidenschaft .. #waxcracking #waxcrackingasmr #squishies #but
account,A: community,toys/collectibles,Germany,dave_mps,1,139,103,5968176,4633976,22000,457100,Wax Cracking ist unsere neue Leidenschaft .. #waxcracking #waxcrackingasmr #squishies #but
account,A: community,toys/collectibles,Germany,anime.mura2,1,53,47,135351,127048,1526,24100,Hello Kitty × Steiff Zwei absolute Kult-Ikonen treffen aufeinander! Bei uns findet ihr vie
account,A: community,toys/collectibles,DE/AT unclear,jessikunterbunt,1,28,28,1662162,1662162,40700,257500,Part 4💛 #jessikunterbunt #spielzeugtester #unboxing #disney #blindbox
account,A: community,toys/collectibles,Germany,sabrinasammer,1,27,23,771684,752090,9192,191900,"€ 1,29,- bei Lidl - Paw Patrol Blindbags 😉! Finden wir nen goldenen 🦕 Dino? #pawpatrol #li"
community/tier total,A: community,handbags,Austria/Germany,ALL,2,178,140,992855,618968,3023,76700,Tasche von Designers + -10% heute
account,A: community,handbags,Austria,vintageconnaisseur,1,143,135,569211,510193,2876,15600,War noch nie so stolz 😂😂😂 #vintageconnaisseur#vienna#luxustaschen#hochzeit#heiraten
account,A: community,handbags,Germany,alina_dorn,1,35,5,423644,108775,11200,76700,Tasche von Designers + -10% heute
community/tier total,A: community,coins,Germany,ALL,2,137,136,960371,959558,2685,215700,Moneta italiana da 2 euro #trend #2euro #monete #Italia #italy
account,A: community,coins,Germany,davidgeorge988,1,100,99,685639,684826,2522,215700,Moneta italiana da 2 euro #trend #2euro #monete #Italia #italy
account,A: community,coins,Germany,sammlungseltenermunzen,1,37,37,274732,274732,3559,107600,Haben Sie diese seltene 1-Euro-Münze? Ich kaufe es für _#euro #münze #sammlung #sammeln #f
community/tier total,A: community,watches,Germany,ALL,3,143,104,128216,114985,400,19300,"Die Perpetual Padellone ist ein ein Modell von bestechender Eleganz, das den Dialog zwisch"
account,A: community,watches,Germany,aronstoico,1,114,76,78222,65517,363,19300,"Die Perpetual Padellone ist ein ein Modell von bestechender Eleganz, das den Dialog zwisch"
account,A: community,watches,Germany,benjaminwatches,1,25,24,45931,45405,1305,6683,Neue Seiko Kollektion zum 145 jährigen Jubiläum #uhren#watchesformen#seiko#seikowatch
account,A: community,watches,Germany,frankfurt_timepieces,1,4,4,4063,4063,699,2331,Wer trägt sowas? #uhren #watches #uhr #uhrenliebhaber @Aron @romanis2304
community/tier total,A: community,sports cards,Germany,ALL,2,39,39,226877,226877,5187,17100,Max Dowman One of One Printing Plate 😍 #sportscards #fussball #topps #oneofone #maxdowman
account,A: community,sports cards,Germany,smexycards,1,38,38,225782,225782,5440,17100,Max Dowman One of One Printing Plate 😍 #sportscards #fussball #topps #oneofone #maxdowman
account,A: community,sports cards,Germany,ndbreakstcg,1,1,1,1095,1095,1095,1095,Topps NBA Update 2026 Cooper Flagg #topps
community/tier total,A: community,cameras,Germany,ALL,2,40,39,48286,47501,904,7615,Saison Auftakt 📸📸📸 #sportsphotograhy #videography #football #bts #lighroom
account,A: community,cameras,Germany,vintageloopshopde,1,35,34,32597,31812,841,3357,"Zu verkaufen: Canon EOS 4000D! Perfekt für Einsteiger, inklusive Objektiv, Akku und Ladege"
account,A: community,cameras,Germany,foto_paf,1,5,5,15689,15689,1559,7615,Saison Auftakt 📸📸📸 #sportsphotograhy #videography #football #bts #lighroom
community/tier total,A: community,patches,Germany,ALL,1,18,12,27661,8926,582,1832,Got it from my politics teacher 🔥 . . . . . . . #heavymetal #sepultura #groovemetal #vinta
account,A: community,patches,Germany,blasphemy_patches,1,18,12,27661,8926,582,1832,Got it from my politics teacher 🔥 . . . . . . . #heavymetal #sepultura #groovemetal #vinta
half total,A: community,ALL,Austria/DE/AT unclear/Germany,ALL,21,1111,974,13534017,11761647,3228,457100,Wax Cracking ist unsere neue Leidenschaft .. #waxcracking #waxcrackingasmr #squishies #but
community/tier total,B: eBay,German eBay (core),Germany,ALL,16,64,64,7170488,7170488,1420,6400000,Let‘s do some shopping mit eBay Live! Probiert es mal aus ist so nice weil es mal was ande
account,B: eBay,German eBay (core),Germany,packmysales0,1,20,20,59574,59574,2853,6515,"Like, Follow und comment - #foryou #ebay #roadto1k #viral #books"
account,B: eBay,German eBay (core),Germany,aureliehaas55,1,11,11,2840,2840,257,286,"Jetzt auf eBay F?!:&, Vinted 🤣 #ebay #vinted #ebayreseller #resellercommunity #secondhand"
account,B: eBay,German eBay (core),Germany,b2b_retourenbros,1,10,10,31102,31102,1696,9810,Sneaker Schuh Angebot. 100 Paar Schuhe #reseller #ecommerce #ebay
account,B: eBay,German eBay (core),Germany,airliftvintage,1,7,7,232572,232572,828,223500,Ich dachte….. #flohmarkt #vintagegems #streetwear #airliftvintage #ebaylive
account,B: eBay,German eBay (core),Germany,fc.amos.78,1,3,3,299900,299900,52300,234900,#fcamos #fyp #viral #lustig #ebaykäufer
account,B: eBay,German eBay (core),Germany,virello__shop,1,2,2,598,598,299,302,#deal #viral #ebayde #foryoupage #dream
account,B: eBay,German eBay (core),Germany,echtheitscheck,1,2,2,976,976,488,595,https://www.ebay.de/ebaylive/sellers/rlijknxqtcq • @eBay Deutschland #echtheitscheck #ebay
account,B: eBay,German eBay (core),Germany,anythingbutcars,1,1,1,21100,21100,21100,21100,#auto #ebay #deutsch #ausländer #fy
account,B: eBay,German eBay (core),Germany,thewatchdive,1,1,1,102800,102800,102800,102800,@Klaus Gawron 🫡🔥 #ebay #livestream #audemarspiguet #uhren #königsallee
account,B: eBay,German eBay (core),Germany,klemmbausteine5,1,1,1,428,428,428,428,#klemmbausteine #lego #stad #deutsch #römischesreich
account,B: eBay,German eBay (core),Germany,high_tier_kurd,1,1,1,13700,13700,13700,13700,E opa geht ab #ebay #lustig #deutsch #fyp #viral
account,B: eBay,German eBay (core),Germany,recommerce_360,1,1,1,1042,1042,1042,1042,#ebayreseller #amazonreturnspallets #deutschland #fyp
account,B: eBay,German eBay (core),Germany,cleansmokez,1,1,1,932,932,932,932,Der verkäufer war erstaunt😂 #Stuttgart #twingo #fyp #transporter #ebay
account,B: eBay,German eBay (core),Germany,diegoldfrau,1,1,1,2524,2524,2524,2524,KLICKT AUF FOLGEN ♡ #fürdich #schmuck #goldfrau #neu #stream https://www.ebay.de/ebayLive/
account,B: eBay,German eBay (core),Germany,fitna.ist.mobbing,1,1,1,400,400,400,400,#Spender #Betrug #Ebay #Püppi
account,B: eBay,German eBay (core),Germany,angymkvb,1,1,1,6400000,6400000,6400000,6400000,Let‘s do some shopping mit eBay Live! Probiert es mal aus ist so nice weil es mal was ande
community/tier total,B: eBay,German eBay + Kleinanzeigen mixed,Germany,ALL,8,8,8,774456,774456,1750,630200,#golf #kombi #vw #ebay #kleinanzeigenfails
account,B: eBay,German eBay + Kleinanzeigen mixed,Germany,rals1829,1,1,1,966,966,966,966,Immer die gleichen #fyy #ebay #auto #viral
account,B: eBay,German eBay + Kleinanzeigen mixed,Germany,richrizz.de,1,1,1,452,452,452,452,#fy #ebay #kleinanzeigenfails
account,B: eBay,German eBay + Kleinanzeigen mixed,Germany,tdkroof_ohb,1,1,1,1317,1317,1317,1317,Gabel auf Kopf zieht immer 😎 #kleinanzeigen #betrug #ebay #paypal #scam
account,B: eBay,German eBay + Kleinanzeigen mixed,Germany,afrim.com,1,1,1,122300,122300,122300,122300,Iphone 14 für 100€ #iphone #kaufen #verkaufen #deals #ebay
account,B: eBay,German eBay + Kleinanzeigen mixed,Germany,rambos.tankstelle,1,1,1,438,438,438,438,Betrug auf ebay #ebay #betrügermasche #warnung
account,B: eBay,German eBay + Kleinanzeigen mixed,Germany,101.med1n,1,1,1,630200,630200,630200,630200,#golf #kombi #vw #ebay #kleinanzeigenfails
account,B: eBay,German eBay + Kleinanzeigen mixed,Germany,nina.schaefer02,1,1,1,2183,2183,2183,2183,ich liebe ebay 🥹 #ebaykleinanzeigen #ebayfinds #kommode #erstewohnung #interiordesign
account,B: eBay,German eBay + Kleinanzeigen mixed,Germany,yabanci_tv,1,1,1,16600,16600,16600,16600,#ebay #vinted #kleinanzeigen #satis #para
community/tier total,B: eBay,"eBay.de market, not German creators",eBay.de market (non-German creators),ALL,34,50,50,682253,682253,957,352700,🛍️eBay: https://www.ebay.de/itm/398381163055?var=&mkevt=1&mkcid=16&mkrid=707-127634-2357-0
half total,B: eBay,ALL,Germany/eBay.de market (non-German creators),ALL,56,122,122,8627197,8627197,1245,6400000,Let‘s do some shopping mit eBay Live! Probiert es mal aus ist so nice weil es mal was ande
community/tier total,eBay own account,@ebay.de,Germany,ALL,1,17,17,14479521,14479521,809000,2100000,Aussortieren und gleichzeitig die Summer Goals finanzieren? I’m in. 🤝🏾☀️ Mit meiner 3-2-1-
account,eBay own account,@ebay.de,Germany,ebay.de,1,17,17,14479521,14479521,809000,2100000,Aussortieren und gleichzeitig die Summer Goals finanzieren? I’m in. 🤝🏾☀️ Mit meiner 3-2-1-
half total,eBay own account,ALL,Germany,ALL,1,17,17,14479521,14479521,809000,2100000,Aussortieren und gleichzeitig die Summer Goals finanzieren? I’m in. 🤝🏾☀️ Mit meiner 3-2-1-
"GRAND TOTAL (A + B, excl. @ebay.de)",A + B,ALL,all,ALL,77,1233,1096,22161214,20388844,3062,6400000,Let‘s do some shopping mit eBay Live! Probiert es mal aus ist so nice weil es mal was ande
"GRAND TOTAL Germany only (excl. Austria, unclear, non-German creators)",A + B,ALL,Germany,ALL,42,993,864,19097203,17383851,3029,6400000,Let‘s do some shopping mit eBay Live! Probiert es mal aus ist so nice weil es mal was ande
