search_term,post_date,pulled_date,handle,account_name,views,likes,comments,shares,caption_en,url
pokemon cards,2026-07-26,2026-10-03,pokemoncards089,Pokemon cards,5500000,179700,638,3434,I Spent $12000 On Pokemon Cards...  But Were any of Them Actually Worth it😲🤑 #Pokemon #pokemoncards #pokemontcg #packopening #tradingcards,https://www.tiktok.com/@pokemoncards089/video/7666940211900779807
pokemon cards,2026-09-05,2026-10-03,ripit,Ripit,1600000,57900,200,1011,"@Logan Paul instantly regrets peeling the RAREST Pokémon card in the world 

Only found within Corocoro Comic from April 1998, this card is nearly impossible to find in perfect PSA 10 condition.

Its Japanese name Kamonegi is a pun = “a duck comes bearing green onion/leek”. Duck + negi is also literally a classic food combination, so the Pokémon is basically a duck carrying its own seasoning. Lowkey twisted @ Pokemon 

With only EIGHT copies in existence and an unknown number of Unpeeled Sheets, grading this card in a 10 is nothing short of a $65,000 miracle.

Follow us for part TWO & rip your Farfetch’d right now on Ripit.co 🔥",https://www.tiktok.com/@ripit/video/7682135722148613389
pokemon cards,2026-08-25,2026-10-03,pokepiglt,Poke Pig,1600000,90800,581,3223,THE ZARD IS CRISP!!! #Pokemon #ripnship #pokemon #pokemoncards #pokemonripnship #pokemoncardsopening #tcg #foryoupage #151 #rarepokemoncards #fyp #firstedition #meme,https://www.tiktok.com/@pokepiglt/video/7677768916839501086
pokemon cards,2026-08-08,2026-10-03,holodex,HoloDex,997400,55900,210,2297,"Today we’re opening 36 packs of 151! 🍀

We got extremely lucky again with my favorite set! Let me know what your favorite set is, and I’ll open it next! 👀

#pokemontcg #pokemoncommunity",https://www.tiktok.com/@holodex/video/7671742644300729603
pokemon cards,2026-10-01,2026-10-03,shollpoke,shollpoke,678000,39000,611,2073,"I BLAME THE “WHOLESOME” CONTENT CREATORS 🤣 Kids don’t even know how to say “hello” anymore 🥲
.
.
.
#pokemon #pokemoncards #pokemontcg #pokemoncollector #pokemoncollection",https://www.tiktok.com/@shollpoke/video/7691786620994915614
pokemon cards,2026-09-29,2026-10-03,pokekattt,Pokekatt,592600,59200,206,1586,"*Disclaimer* Their Dad was there previously to talk to me, and they came back on their own to make the decision. He chose such a cute card though 🤗#pokemon #vendor #pov #pokémon",https://www.tiktok.com/@pokekattt/video/7690951589116366111
pokemon cards,2026-09-26,2026-10-03,2001cursed,Tully,535900,27700,614,3187,Pokémon 30th anniversary god pack . Pokémon god pack opening . Pokémon new collection . New Pokémon cards . How to get Pokémon cards #pokemon #mew #pokemon30thanniversary #godpack #opening,https://www.tiktok.com/@2001cursed/video/7689968806080285965
pokemon pack opening,2026-08-05,2026-10-03,jacobcarbreslin,Jacob Breslin,521000,25000,390,1091,100 packs but it’s only the hits #pokemon #pitchblack #tcg #packopening #charizard,https://www.tiktok.com/@jacobcarbreslin/video/7670502476197547278
pokemon cards,2026-09-27,2026-10-03,bamfies,bamf,507300,68600,416,1627,"Collecting an Illustration Card for ALL 1,025 Pokemon… (Episode 238) #pokemontcg",https://www.tiktok.com/@bamfies/video/7690174846365486366
pokemon cards,2026-10-02,2026-10-03,bamfies,bamf,280200,54700,254,585,"Collecting an Illustration Card for ALL 1,025 Pokemon… (Episode 243) #pokemontcg",https://www.tiktok.com/@bamfies/video/7692040388504259871
pokemon cards,2026-09-15,2026-10-03,yeelon_official,yeelon,252700,26400,300,2096,I pulled it #pokemonpackopening #pokemon30thanniversary #pokemoncards #mewtwo #pokemonpulls,https://www.tiktok.com/@yeelon_official/video/7685904524455709965
pokemon cards,2026-10-01,2026-10-03,beard_dad_cardz,Beard Dad Cardz,245700,36000,135,245,"He was a little too young for my Gen Alpha brain rot jokes 
.
.
.
.
Edited by @Brian 
.
.
.
#pokemonvendorpov #hobby #pokemon #cards #bearddadsgoatedchat",https://www.tiktok.com/@beard_dad_cardz/video/7691722591656054047
pokemon cards,2026-09-30,2026-10-03,pokedge,Pokedge,216500,24700,145,389,"PokePower Box Pack Opening! (Day 44) Pulling All 1,025 Pokemon in the Pokédex @PokePowerBoxes #pokemontcg #pokemon #pokemoncards",https://www.tiktok.com/@pokedge/video/7691479042939194637
pokemon cards,2026-10-02,2026-10-03,alan.bersten,Alan,173800,25400,98,1953,Opening Pokémon cards with my cast!!,https://www.tiktok.com/@alan.bersten/video/7692071637306395917
pokemon cards,2026-10-02,2026-10-03,meladtcg,Melad,116800,5717,1228,318,"Do you have to worry about Pokemon 30th Anniversary Booster Bundles being weighed?! Well the first bundle really made things interesting fast 😅
#30thanniversary #pokemon #pokemoncards #scalper #boosterbundle",https://www.tiktok.com/@meladtcg/video/7692154534805720350
pokemon cards,2026-09-25,2026-10-03,jacobcarbreslin,Jacob Breslin,96900,4694,51,935,Opening pokemon cards at the fair #pokemon #30thcelebration #fyp #viral #trending,https://www.tiktok.com/@jacobcarbreslin/video/7689529914852216077
pokemon cards,2026-07-27,2026-10-03,pokemoncards089,Pokemon cards,90200,1149,10,27,I Spent Thousands of Dollars on Some if The Best Pokemon Products😲🤑 #Pokemon #pokemoncards #pokemontcg #packopening #tradingcards,https://www.tiktok.com/@pokemoncards089/video/7667315541941456159
pokemon cards,2026-07-30,2026-10-03,pokemoncards089,Pokemon cards,82200,1527,16,21,I Spent Thousands of dollars on a Pokemon Lucky Cards😲🤑 #tradingcards #packopening #pokemontcg #pokemoncards #Pokemon,https://www.tiktok.com/@pokemoncards089/video/7668355947793747230
pokemon cards,2026-10-01,2026-10-03,kykyrips,KykyRips,79700,4842,134,62,What were your top pulls of the month?! #pokemoncards,https://www.tiktok.com/@kykyrips/video/7691822712255155487
pokemon cards,2026-09-24,2026-10-03,2001cursed,Tully,70800,1094,119,466,Pokémon 30th anniversary cut pack gone wrong . Pokémon cut pack . Rare Pokémon opening . Pokémon new cards . How to get Pokémon #pokemon #opening #rare #cutpack #pokemon30thanniversary,https://www.tiktok.com/@2001cursed/video/7689237204043861262
pokemon cards,2026-09-28,2026-10-03,athena.kami,athena🖤,67700,5836,70,166,new pokemon cards 🤭🔥 #pokemon,https://www.tiktok.com/@athena.kami/video/7690603228953578782
pokemon pack opening,2026-09-22,2026-10-03,anniesbucketlist,Anniesbucketlist,62400,2423,27,119,"Here are all the hits we got from opening 70 packs of 30th Anniversary Pokemon! 

The Pikachu Party is definitely one of my favourites 🥰 and we are forever chasing Mew! 

#pokemon30thanniversary #pokemon30thcelebration #pokemon30 #packbattle",https://www.tiktok.com/@anniesbucketlist/video/7688472712754367765
pokemon cards,2026-10-02,2026-10-03,pokecate,pokécate ⋆˙⟡,49500,4811,107,89,THIS IS UNREAL. you guys have to watch this one bc WE ARE SO BACK 😭🤍 #pokemoncards #pokemontcg @wallibear rips,https://www.tiktok.com/@pokecate/video/7692213474591526157
pokemon cards,2026-08-12,2026-10-03,stockhunterstcg,Stock Hunters,47600,1189,20,27,It’s never that serious 😭 #pokemon #pokemoncards #pokemoncommunity #stockhunters #pokemontiktok,https://www.tiktok.com/@stockhunterstcg/video/7672995201043975437
pokemon pack opening,2026-09-30,2026-10-03,kykyrips,KykyRips,22900,1783,351,15,Crown Zenith Master Set @GoatArmor #pokemoncards,https://www.tiktok.com/@kykyrips/video/7691475709574892830
pokemon pack opening,2026-10-02,2026-10-03,honeyhazeasmr,honey asmr 🍯,22600,2519,61,51,should i start a new pokémon opening account..? asmr pokémon pack opening !! i NEED the sylveon.. sleep well loves 🩷✨ #fyp #asmr #lofiasmr #pokemon #pokemonasmr,https://www.tiktok.com/@honeyhazeasmr/video/7692060515446590733
pokemon cards,2026-10-02,2026-10-03,caitlyncraftcollectible,CaitlynCraftCollectible,14900,612,54,153,I PULLED THE RGB MEW!!!! #pokemon #pokemoncardsopening #pokemoncards #mew #rgbmew,https://www.tiktok.com/@caitlyncraftcollectible/video/7692101507394604318
pokemon cards,2026-08-21,2026-10-03,itsssale0,Ale🌸☁️✨,13300,684,5,26,#pokemoncards,https://www.tiktok.com/@itsssale0/video/7676313327072742670
pokemon cards,2026-10-02,2026-10-03,dragonairica,dragonairica,2612,222,1,3,OH MY 🫢 #pokemon #pokemoncards #pokemoncardcollection #pokemonfan #pokemontcgcommunity,https://www.tiktok.com/@dragonairica/video/7691925189889641741
pokemon cards,2026-10-02,2026-10-03,jamesforemann,James Foreman,2355,228,22,9,PULLED MY BEST CARD YET 👀👀 #pokemoncardsopening #pokemon #pokemoncard,https://www.tiktok.com/@jamesforemann/video/7692081565446327584
pokemon cards,2026-09-30,2026-10-03,firedancerr,Firedancer 🐱,2170,168,9,1,Is this one of your chase cards? ##pokemon##pokemoncards##pokemontcg##twitch##fyp,https://www.tiktok.com/@firedancerr/video/7691378656555371807
pokemon cards,2026-10-02,2026-10-03,collecting.tiktok06,collecting.tiktok06,1819,215,0,4,I ALMOST CRIED 😭#pokemon #pokemoncommunity #pokemons #pokemontiktok #pokemoncards #fyp,https://www.tiktok.com/@collecting.tiktok06/video/7692156336003452182
pokemon cards,2026-10-02,2026-10-03,karenharris_94,Karen Harris,1340,25,1,4,"Tut is pinned!

#targetfinds #pokemon #pokemoncards #tcg #tcgcomiunity",https://www.tiktok.com/@karenharris_94/video/7691901953147849998
pokemon pack opening,2026-10-03,2026-10-03,jcscards,JC's Cards,1186,99,5,3,Opening an Ascended Heroes Tin! (Mega Feraligatr ex) - Profit or Loss Episode 297,https://www.tiktok.com/@jcscards/video/7692249075097357581
pokemon pack opening,2026-10-03,2026-10-03,powdrtcg,powdr tcg,347,26,8,0,"This is my FIRST TIME Opening this Pokemon Box! Welcome Back to the 2026 Daily Pack Challenge, today is Day 275 of 365! #pokemon #pokemoncards",https://www.tiktok.com/@powdrtcg/video/7692262457959533855
pokemon pack opening,2026-10-02,2026-10-03,_legaless,Legaless,341,26,1,0,"This set is absolutely insane and I’ve been loving opening up packs with you all 💜💜

#pokemon #pokemoncards #pokemonpackopening #pokemon30 #pokemon30thanniversary",https://www.tiktok.com/@_legaless/video/7692149378051607839
pokemon pack opening,2026-10-01,2026-10-03,ozzi_bear,OzziBear PokéFan🖤,294,33,5,0,"Rainy day pack opening. 🌧️ I'm opening up the 30th Celebration Knockout Collection today. This has been such a fun set to rip, with a guaranteed Pikachu in every pack. Which of these Pokemon cards have been your favorite so far?
#pokemoncommunity #pokemontcg #pokemon30thanniversary #pokemoncards #packopenings",https://www.tiktok.com/@ozzi_bear/video/7691826217716141342
pokemon pack opening,2026-07-30,2026-10-03,daaaniellle815,Dani,293,33,15,3,First time opening this set of Japanese packs ❤️ #pokemon #pokemoncards #pokemontiktok #pokemoncommunity #pokemontcg,https://www.tiktok.com/@daaaniellle815/video/7668461839889517837
