search_term,post_date,pulled_date,handle,account_name,views,likes,comments,shares,caption_en,caption_de,url
pokemon cards,2026-07-26,2026-10-03,pokemoncards089,Pokemon cards,5500000,179700,638,3434,I Spent $12000 On Pokemon Cards...  But Were any of Them Actually Worth it😲🤑 #Pokemon #pokemoncards #pokemontcg #packopening #tradingcards,Ich habe 12.000 $ für Pokémon-Karten ausgegeben ... Aber hat sich irgendeine davon wirklich gelohnt? 😲🤑 #Pokemon #pokemonkarten #pokemonsammelkarten #boosteröffnen #sammelkarten,https://www.tiktok.com/@pokemoncards089/video/7666940211900779807
pokemon cards,2026-09-05,2026-10-03,ripit,Ripit,1600000,57900,200,1011,"@Logan Paul instantly regrets peeling the RAREST Pokémon card in the world 

Only found within Corocoro Comic from April 1998, this card is nearly impossible to find in perfect PSA 10 condition.

Its Japanese name Kamonegi is a pun = “a duck comes bearing green onion/leek”. Duck + negi is also literally a classic food combination, so the Pokémon is basically a duck carrying its own seasoning. Lowkey twisted @ Pokemon 

With only EIGHT copies in existence and an unknown number of Unpeeled Sheets, grading this card in a 10 is nothing short of a $65,000 miracle.

Follow us for part TWO & rip your Farfetch’d right now on Ripit.co 🔥","@Logan Paul bereut sofort, die SELTENSTE Pokémon-Karte der Welt abgezogen zu haben

Diese Karte gab es nur im Corocoro Comic vom April 1998 und sie ist in perfektem PSA-10-Zustand fast unmöglich zu finden.

Ihr japanischer Name Kamonegi ist ein Wortspiel = „eine Ente kommt mit Lauchzwiebel/Lauch“. Ente + Negi ist außerdem buchstäblich eine klassische Speisekombination, das Pokémon ist also im Grunde eine Ente, die ihr eigenes Gewürz mitbringt. Ziemlich makaber, @ Pokemon

Mit nur ACHT existierenden Exemplaren und einer unbekannten Anzahl ungeschälter Bögen ist eine 10er-Bewertung dieser Karte nichts weniger als ein 65.000-Dollar-Wunder.

Folgt uns für Teil ZWEI & öffnet euer Porenta jetzt auf Ripit.co 🔥",https://www.tiktok.com/@ripit/video/7682135722148613389
pokemon cards,2026-08-25,2026-10-03,pokepiglt,Poke Pig,1600000,90800,581,3223,THE ZARD IS CRISP!!! #Pokemon #ripnship #pokemon #pokemoncards #pokemonripnship #pokemoncardsopening #tcg #foryoupage #151 #rarepokemoncards #fyp #firstedition #meme,DAS GLURAK IST MAKELLOS!!! #Pokemon #ripnship #pokemon #pokemonkarten #pokemonripnship #pokemonkartenöffnen #tcg #fürdichseite #151 #seltenepokemonkarten #fürdich #ersteedition #meme,https://www.tiktok.com/@pokepiglt/video/7677768916839501086
pokemon cards,2026-08-08,2026-10-03,holodex,HoloDex,997400,55900,210,2297,"Today we’re opening 36 packs of 151! 🍀

We got extremely lucky again with my favorite set! Let me know what your favorite set is, and I’ll open it next! 👀

#pokemontcg #pokemoncommunity","Heute öffnen wir 36 Booster von 151! 🍀

Wir hatten mit meinem Lieblingsset wieder extremes Glück! Sagt mir, was euer Lieblingsset ist, dann öffne ich es als Nächstes! 👀

#pokemonsammelkarten #pokemoncommunity",https://www.tiktok.com/@holodex/video/7671742644300729603
pokemon cards,2026-10-01,2026-10-03,shollpoke,shollpoke,678000,39000,611,2073,"I BLAME THE “WHOLESOME” CONTENT CREATORS 🤣 Kids don’t even know how to say “hello” anymore 🥲
.
.
.
#pokemon #pokemoncards #pokemontcg #pokemoncollector #pokemoncollection","ICH GEBE DEN „WHOLESOME“-CONTENT-CREATORN DIE SCHULD 🤣 Kinder wissen nicht mal mehr, wie man „Hallo“ sagt 🥲
.
.
.
#pokemon #pokemonkarten #pokemonsammelkarten #pokemonsammler #pokemonsammlung",https://www.tiktok.com/@shollpoke/video/7691786620994915614
pokemon cards,2026-09-29,2026-10-03,pokekattt,Pokekatt,592600,59200,206,1586,"*Disclaimer* Their Dad was there previously to talk to me, and they came back on their own to make the decision. He chose such a cute card though 🤗#pokemon #vendor #pov #pokémon","*Hinweis* Ihr Vater war vorher schon da, um mit mir zu sprechen, und sie kamen allein zurück, um sich zu entscheiden. Er hat sich aber so eine süße Karte ausgesucht 🤗 #pokemon #händler #pov #pokémon",https://www.tiktok.com/@pokekattt/video/7690951589116366111
pokemon cards,2026-09-26,2026-10-03,2001cursed,Tully,535900,27700,614,3187,Pokémon 30th anniversary god pack . Pokémon god pack opening . Pokémon new collection . New Pokémon cards . How to get Pokémon cards #pokemon #mew #pokemon30thanniversary #godpack #opening,Pokémon God Pack zum 30. Jubiläum. Pokémon God Pack öffnen. Neue Pokémon-Kollektion. Neue Pokémon-Karten. So bekommt man Pokémon-Karten #pokemon #mew #pokemon30jubiläum #godpack #opening,https://www.tiktok.com/@2001cursed/video/7689968806080285965
pokemon pack opening,2026-08-05,2026-10-03,jacobcarbreslin,Jacob Breslin,521000,25000,390,1091,100 packs but it’s only the hits #pokemon #pitchblack #tcg #packopening #charizard,"100 Booster, aber nur die Hits #pokemon #pitchblack #tcg #boosteröffnen #glurak",https://www.tiktok.com/@jacobcarbreslin/video/7670502476197547278
pokemon cards,2026-09-27,2026-10-03,bamfies,bamf,507300,68600,416,1627,"Collecting an Illustration Card for ALL 1,025 Pokemon… (Episode 238) #pokemontcg",Ich sammle eine Illustrationskarte für ALLE 1.025 Pokémon … (Folge 238) #pokemonsammelkarten,https://www.tiktok.com/@bamfies/video/7690174846365486366
pokemon cards,2026-10-02,2026-10-03,bamfies,bamf,280200,54700,254,585,"Collecting an Illustration Card for ALL 1,025 Pokemon… (Episode 243) #pokemontcg",Ich sammle eine Illustrationskarte für ALLE 1.025 Pokémon … (Folge 243) #pokemonsammelkarten,https://www.tiktok.com/@bamfies/video/7692040388504259871
pokemon cards,2026-09-15,2026-10-03,yeelon_official,yeelon,252700,26400,300,2096,I pulled it #pokemonpackopening #pokemon30thanniversary #pokemoncards #mewtwo #pokemonpulls,Ich hab's gezogen #pokemonboosteröffnen #pokemon30jubiläum #pokemonkarten #mewtu #pokemonpulls,https://www.tiktok.com/@yeelon_official/video/7685904524455709965
pokemon cards,2026-10-01,2026-10-03,beard_dad_cardz,Beard Dad Cardz,245700,36000,135,245,"He was a little too young for my Gen Alpha brain rot jokes 
.
.
.
.
Edited by @Brian 
.
.
.
#pokemonvendorpov #hobby #pokemon #cards #bearddadsgoatedchat","Er war ein bisschen zu jung für meine Gen-Alpha-Brainrot-Witze
.
.
.
.
Geschnitten von @Brian
.
.
.
#pokemonhändlerpov #hobby #pokemon #karten #bearddadsgoatedchat",https://www.tiktok.com/@beard_dad_cardz/video/7691722591656054047
pokemon cards,2026-09-30,2026-10-03,pokedge,Pokedge,216500,24700,145,389,"PokePower Box Pack Opening! (Day 44) Pulling All 1,025 Pokemon in the Pokédex @PokePowerBoxes #pokemontcg #pokemon #pokemoncards",PokePower Box Booster-Opening! (Tag 44) Ich ziehe alle 1.025 Pokémon im Pokédex @PokePowerBoxes #pokemonsammelkarten #pokemon #pokemonkarten,https://www.tiktok.com/@pokedge/video/7691479042939194637
pokemon cards,2026-10-02,2026-10-03,alan.bersten,Alan,173800,25400,98,1953,Opening Pokémon cards with my cast!!,Pokémon-Karten öffnen mit meinem Cast!!,https://www.tiktok.com/@alan.bersten/video/7692071637306395917
pokemon cards,2026-10-02,2026-10-03,meladtcg,Melad,116800,5717,1228,318,"Do you have to worry about Pokemon 30th Anniversary Booster Bundles being weighed?! Well the first bundle really made things interesting fast 😅
#30thanniversary #pokemon #pokemoncards #scalper #boosterbundle","Muss man sich Sorgen machen, dass Pokémon-Booster-Bundles zum 30. Jubiläum gewogen werden?! Tja, das erste Bundle hat die Sache ganz schnell spannend gemacht 😅
#30jubiläum #pokemon #pokemonkarten #scalper #boosterbundle",https://www.tiktok.com/@meladtcg/video/7692154534805720350
pokemon cards,2026-09-25,2026-10-03,jacobcarbreslin,Jacob Breslin,96900,4694,51,935,Opening pokemon cards at the fair #pokemon #30thcelebration #fyp #viral #trending,Pokémon-Karten öffnen auf dem Jahrmarkt #pokemon #30jubiläum #fürdich #viral #trending,https://www.tiktok.com/@jacobcarbreslin/video/7689529914852216077
pokemon cards,2026-07-27,2026-10-03,pokemoncards089,Pokemon cards,90200,1149,10,27,I Spent Thousands of Dollars on Some if The Best Pokemon Products😲🤑 #Pokemon #pokemoncards #pokemontcg #packopening #tradingcards,Ich habe Tausende Dollar für einige der besten Pokémon-Produkte ausgegeben 😲🤑 #Pokemon #pokemonkarten #pokemonsammelkarten #boosteröffnen #sammelkarten,https://www.tiktok.com/@pokemoncards089/video/7667315541941456159
pokemon cards,2026-07-30,2026-10-03,pokemoncards089,Pokemon cards,82200,1527,16,21,I Spent Thousands of dollars on a Pokemon Lucky Cards😲🤑 #tradingcards #packopening #pokemontcg #pokemoncards #Pokemon,Ich habe Tausende Dollar für Pokémon-Glückskarten ausgegeben 😲🤑 #sammelkarten #boosteröffnen #pokemonsammelkarten #pokemonkarten #Pokemon,https://www.tiktok.com/@pokemoncards089/video/7668355947793747230
pokemon cards,2026-10-01,2026-10-03,kykyrips,KykyRips,79700,4842,134,62,What were your top pulls of the month?! #pokemoncards,Was waren eure besten Pulls des Monats?! #pokemonkarten,https://www.tiktok.com/@kykyrips/video/7691822712255155487
pokemon cards,2026-09-24,2026-10-03,2001cursed,Tully,70800,1094,119,466,Pokémon 30th anniversary cut pack gone wrong . Pokémon cut pack . Rare Pokémon opening . Pokémon new cards . How to get Pokémon #pokemon #opening #rare #cutpack #pokemon30thanniversary,Pokémon Cut Pack zum 30. Jubiläum geht schief. Pokémon Cut Pack. Seltenes Pokémon-Opening. Neue Pokémon-Karten. So bekommt man Pokémon #pokemon #opening #selten #cutpack #pokemon30jubiläum,https://www.tiktok.com/@2001cursed/video/7689237204043861262
pokemon cards,2026-09-28,2026-10-03,athena.kami,athena🖤,67700,5836,70,166,new pokemon cards 🤭🔥 #pokemon,neue Pokémon-Karten 🤭🔥 #pokemon,https://www.tiktok.com/@athena.kami/video/7690603228953578782
pokemon pack opening,2026-09-22,2026-10-03,anniesbucketlist,Anniesbucketlist,62400,2423,27,119,"Here are all the hits we got from opening 70 packs of 30th Anniversary Pokemon! 

The Pikachu Party is definitely one of my favourites 🥰 and we are forever chasing Mew! 

#pokemon30thanniversary #pokemon30thcelebration #pokemon30 #packbattle","Hier sind alle Hits aus 70 geöffneten Boostern zum 30. Pokémon-Jubiläum!

Die Pikachu-Party ist definitiv einer meiner Favoriten 🥰 und wir jagen immer noch Mew!

#pokemon30jubiläum #pokemon30feier #pokemon30 #boosterbattle",https://www.tiktok.com/@anniesbucketlist/video/7688472712754367765
pokemon cards,2026-10-02,2026-10-03,pokecate,pokécate ⋆˙⟡,49500,4811,107,89,THIS IS UNREAL. you guys have to watch this one bc WE ARE SO BACK 😭🤍 #pokemoncards #pokemontcg @wallibear rips,"DAS IST UNGLAUBLICH. Ihr müsst euch das unbedingt ansehen, denn WIR SIND SO WAS VON ZURÜCK 😭🤍 #pokemonkarten #pokemonsammelkarten @wallibear öffnet",https://www.tiktok.com/@pokecate/video/7692213474591526157
pokemon cards,2026-08-12,2026-10-03,stockhunterstcg,Stock Hunters,47600,1189,20,27,It’s never that serious 😭 #pokemon #pokemoncards #pokemoncommunity #stockhunters #pokemontiktok,So ernst ist es nie 😭 #pokemon #pokemonkarten #pokemoncommunity #stockhunters #pokemontiktok,https://www.tiktok.com/@stockhunterstcg/video/7672995201043975437
pokemon pack opening,2026-09-30,2026-10-03,kykyrips,KykyRips,22900,1783,351,15,Crown Zenith Master Set @GoatArmor #pokemoncards,Zenit der Könige Master-Set @GoatArmor #pokemonkarten,https://www.tiktok.com/@kykyrips/video/7691475709574892830
pokemon pack opening,2026-10-02,2026-10-03,honeyhazeasmr,honey asmr 🍯,22600,2519,61,51,should i start a new pokémon opening account..? asmr pokémon pack opening !! i NEED the sylveon.. sleep well loves 🩷✨ #fyp #asmr #lofiasmr #pokemon #pokemonasmr,"soll ich einen neuen Pokémon-Opening-Account starten..? ASMR Pokémon-Booster-Opening!! ich BRAUCHE das Feelinara.. schlaft gut, ihr Lieben 🩷✨ #fürdich #asmr #lofiasmr #pokemon #pokemonasmr",https://www.tiktok.com/@honeyhazeasmr/video/7692060515446590733
pokemon cards,2026-10-02,2026-10-03,caitlyncraftcollectible,CaitlynCraftCollectible,14900,612,54,153,I PULLED THE RGB MEW!!!! #pokemon #pokemoncardsopening #pokemoncards #mew #rgbmew,ICH HABE DAS RGB-MEW GEZOGEN!!!! #pokemon #pokemonkartenöffnen #pokemonkarten #mew #rgbmew,https://www.tiktok.com/@caitlyncraftcollectible/video/7692101507394604318
pokemon cards,2026-08-21,2026-10-03,itsssale0,Ale🌸☁️✨,13300,684,5,26,#pokemoncards,#pokemonkarten,https://www.tiktok.com/@itsssale0/video/7676313327072742670
pokemon cards,2026-10-02,2026-10-03,dragonairica,dragonairica,2612,222,1,3,OH MY 🫢 #pokemon #pokemoncards #pokemoncardcollection #pokemonfan #pokemontcgcommunity,OH MEIN GOTT 🫢 #pokemon #pokemonkarten #pokemonkartensammlung #pokemonfan #pokemonsammelkartencommunity,https://www.tiktok.com/@dragonairica/video/7691925189889641741
pokemon cards,2026-10-02,2026-10-03,jamesforemann,James Foreman,2355,228,22,9,PULLED MY BEST CARD YET 👀👀 #pokemoncardsopening #pokemon #pokemoncard,MEINE BISHER BESTE KARTE GEZOGEN 👀👀 #pokemonkartenöffnen #pokemon #pokemonkarte,https://www.tiktok.com/@jamesforemann/video/7692081565446327584
pokemon cards,2026-09-30,2026-10-03,firedancerr,Firedancer 🐱,2170,168,9,1,Is this one of your chase cards? ##pokemon##pokemoncards##pokemontcg##twitch##fyp,Ist das eine eurer Wunschkarten? #pokemon #pokemonkarten #pokemonsammelkarten #twitch #fürdich,https://www.tiktok.com/@firedancerr/video/7691378656555371807
pokemon cards,2026-10-02,2026-10-03,collecting.tiktok06,collecting.tiktok06,1819,215,0,4,I ALMOST CRIED 😭#pokemon #pokemoncommunity #pokemons #pokemontiktok #pokemoncards #fyp,ICH HÄTTE FAST GEWEINT 😭 #pokemon #pokemoncommunity #pokemons #pokemontiktok #pokemonkarten #fürdich,https://www.tiktok.com/@collecting.tiktok06/video/7692156336003452182
pokemon cards,2026-10-02,2026-10-03,karenharris_94,Karen Harris,1340,25,1,4,"Tut is pinned!

#targetfinds #pokemon #pokemoncards #tcg #tcgcomiunity","Anleitung ist angepinnt!

#targetfunde #pokemon #pokemonkarten #tcg #tcgcommunity",https://www.tiktok.com/@karenharris_94/video/7691901953147849998
pokemon pack opening,2026-10-03,2026-10-03,jcscards,JC's Cards,1186,99,5,3,Opening an Ascended Heroes Tin! (Mega Feraligatr ex) - Profit or Loss Episode 297,"Ich öffne eine Ascended Heroes Tin-Box! (Mega-Impergator-ex) – Gewinn oder Verlust, Folge 297",https://www.tiktok.com/@jcscards/video/7692249075097357581
pokemon pack opening,2026-10-03,2026-10-03,powdrtcg,powdr tcg,347,26,8,0,"This is my FIRST TIME Opening this Pokemon Box! Welcome Back to the 2026 Daily Pack Challenge, today is Day 275 of 365! #pokemon #pokemoncards","Ich öffne diese Pokémon-Box zum ERSTEN MAL! Willkommen zurück zur täglichen Booster-Challenge 2026, heute ist Tag 275 von 365! #pokemon #pokemonkarten",https://www.tiktok.com/@powdrtcg/video/7692262457959533855
pokemon pack opening,2026-10-02,2026-10-03,_legaless,Legaless,341,26,1,0,"This set is absolutely insane and I’ve been loving opening up packs with you all 💜💜

#pokemon #pokemoncards #pokemonpackopening #pokemon30 #pokemon30thanniversary","Dieses Set ist der absolute Wahnsinn und ich liebe es, mit euch allen Booster zu öffnen 💜💜

#pokemon #pokemonkarten #pokemonboosteröffnen #pokemon30 #pokemon30jubiläum",https://www.tiktok.com/@_legaless/video/7692149378051607839
pokemon pack opening,2026-10-01,2026-10-03,ozzi_bear,OzziBear PokéFan🖤,294,33,5,0,"Rainy day pack opening. 🌧️ I'm opening up the 30th Celebration Knockout Collection today. This has been such a fun set to rip, with a guaranteed Pikachu in every pack. Which of these Pokemon cards have been your favorite so far?
#pokemoncommunity #pokemontcg #pokemon30thanniversary #pokemoncards #packopenings","Booster-Opening an einem Regentag. 🌧️ Heute öffne ich die Knockout-Kollektion zum 30. Jubiläum. Dieses Set macht so viel Spaß, mit einem garantierten Pikachu in jedem Booster. Welche dieser Pokémon-Karten war bisher euer Favorit?
#pokemoncommunity #pokemonsammelkarten #pokemon30jubiläum #pokemonkarten #boosteröffnen",https://www.tiktok.com/@ozzi_bear/video/7691826217716141342
pokemon pack opening,2026-07-30,2026-10-03,daaaniellle815,Dani,293,33,15,3,First time opening this set of Japanese packs ❤️ #pokemon #pokemoncards #pokemontiktok #pokemoncommunity #pokemontcg,Zum ersten Mal öffne ich dieses Set japanischer Booster ❤️ #pokemon #pokemonkarten #pokemontiktok #pokemoncommunity #pokemonsammelkarten,https://www.tiktok.com/@daaaniellle815/video/7668461839889517837
