search_term_de,caption_language,post_date,pulled_date,handle,account_name,views,likes,comments,shares,caption,flag,url
seltene pokemon karten,German,2026-10-01,2026-10-03,dave_mps,Dave,14000,477,28,5,Ok das war CRAZY … #pokemon30 #pokemon30jahre #pokemon #pokemonkarten #pokemoncollection,,https://www.tiktok.com/@dave_mps/video/7691659108755311904
sammelkarten,German,2026-07-11,2026-10-03,nilopacks,NiloPacks,6168,162,37,6,"Unser 1. Einkauf! 🥹
#smallbusiness #Pokemon #sammelkarten #gewerbe #ankauf",,https://www.tiktok.com/@nilopacks/video/7661198707534089504
pokemon sammelkarten,German,2026-10-02,2026-10-03,pkchomps,chomps,5906,80,7,6,"RESTOCK im Müller & Teddy Toys - 30 Jahre und Prismatische Entwicklung 
#Pokémon #sammeln #pokemon #collecting #sammelkarten",,https://www.tiktok.com/@pkchomps/video/7692000550186962209
pokemon sammlung,German,2026-09-29,2026-10-03,sandrosir,sandrosir,3843,147,21,7,"Sie ist wächst und wächst 😍

#Pokemon #PokemonTCG #PokemonKarten #pokemontiktok",,https://www.tiktok.com/@sandrosir/video/7690884602193268000
pokemon karten öffnen,German,2026-09-29,2026-10-03,_zeuss.cos_,⚡️_Zeuss_⚡️,3366,212,10,3,Endlich wieder HITSSS ✨✨#pokemon #collection #opening #cards #booster,,https://www.tiktok.com/@_zeuss.cos_/video/7690914200134143264
pokemon sammlung,German,2026-09-30,2026-10-03,nexuro_,Nexuro_,1690,22,2,3,Überraschung 😦 #celebration #pokemon #sammlung #hintermbett #151,,https://www.tiktok.com/@nexuro_/video/7691377233553820960
pokemon karten,German,2026-10-02,2026-10-03,wackestgamer,Wackest Gamer,1380,42,10,9,Einfach Lugia! ✨☄️🫶#pokemonkarten #lugia #30thanniversary #pokemon #wackestgamer,,https://www.tiktok.com/@wackestgamer/video/7692031280187297057
pokemon sammelkarten,German,2026-10-02,2026-10-03,cardhome_store,Cardhome,1276,20,3,16,#pokemon#sammelkarten#30jahrepokemon#tcg#cardhome home,,https://www.tiktok.com/@cardhome_store/video/7692122299868269846
sammelkarten,German,2026-09-27,2026-10-03,pkchomps,chomps,900,25,1,0,"Ewige Rivalen Masterset ep 47 - Hits Only 🔥
#sammelkarten #collecting #pokemon #sammeln #Pokémon",,https://www.tiktok.com/@pkchomps/video/7690102455861873952
pokemon karten öffnen,German,2026-10-01,2026-10-03,stevouh7,Stevouh,653,106,5,7,Pokemon Prismatische Enttäuschung unboxing #pokemon #Karten #unboxing #stevouh,,https://www.tiktok.com/@stevouh7/video/7691674303619796256
sammelkarten,German,2026-09-27,2026-10-03,julian__sz0,Julian__sz,622,23,1,1,#premierleague #sammelkarten #topps #flagship #opening,not Pokémon,https://www.tiktok.com/@julian__sz0/video/7690107299263679776
pokemon sammelkarten,German,2026-10-01,2026-10-03,pkchomps,chomps,413,20,3,0,"Hot oder Flop 🏴
#sammelkarten #collecting #pokemon #sammeln #Pokémon",,https://www.tiktok.com/@pkchomps/video/7691679073667468576
pokemon sammelkarten,German,2026-10-02,2026-10-03,hypegen.87,Hypegen 87,301,15,2,0,Poster Kollektion öffnen #pokemontiktok #pokemoncommunity #pokemonkartendeutsch #pokemonanime #hamm,,https://www.tiktok.com/@hypegen.87/video/7692001487584513312
pokemon karten,German,2026-10-02,2026-10-03,hypegen.87,Hypegen 87,267,10,1,0,Display ist da juhu #pokemontiktok #pokemoncommunity #pokemonkartendeutsch #pokemonanime #pokemonfan,,https://www.tiktok.com/@hypegen.87/video/7692064672111004960
pokemon sammlung,German,2026-09-27,2026-10-03,oerni_cardz,Örni_cardZ,266,3,0,0,#PokemonSammlung #30thCelebration #PokemonTCG #30JahrePokemon #PokemonCards,,https://www.tiktok.com/@oerni_cardz/video/7690327068504034592
seltene pokemon karten,English,2026-09-06,2026-10-03,a.blida,ola,5100000,356400,1540,13900,dm me for offers ;) #pokemon #pokemoncommunity #pokemontradingcardgame #umbreon,,https://www.tiktok.com/@a.blida/video/7682528580504423712
pokemon karten öffnen,English,2026-09-16,2026-10-03,pokeripper1,PokeRipper,2600000,127600,1406,15400,30th Celebrations ETB!#pokemonpackopening #pokemontcg #pokemon30thanniversary #greenscreen,,https://www.tiktok.com/@pokeripper1/video/7686249312988204318
pokemon sammlung,English,2026-07-06,2026-10-03,bamfies,bamf,1400000,146600,517,1552,"Collecting an Illustration Card for ALL 1,025 Pokemon… (Episode 155) #pokemontcg",,https://www.tiktok.com/@bamfies/video/7659345177303190815
pokemon sammler,English,2026-09-21,2026-10-03,bamfies,bamf,1200000,152300,689,1994,"Collecting an Illustration Card for ALL 1,025 Pokemon… (Episode 232) #pokemontcg",,https://www.tiktok.com/@bamfies/video/7687905100936826143
pokemon sammlung,English,2026-09-29,2026-10-03,hldcardsandcollectibles,HLD Cards,1100000,77000,448,5274,I can’t believe he had this in his childhood binder 🤯 #pokemon #collection #pokemontiktok #pokemoncards #fyp,,https://www.tiktok.com/@hldcardsandcollectibles/video/7691109906090347807
pokemon karten,English,2026-08-29,2026-10-03,_spanky_,Spanky,845300,119600,975,2509,"charizard.
#pokemon #pokemontiktok #pokemoncards #pokemonpackopening #phantasmalflames",,https://www.tiktok.com/@_spanky_/video/7679499410916543757
pokemon 30 jubiläum,English,2026-09-26,2026-10-03,jacobcarbreslin,Jacob Breslin,673400,40500,391,1738,Opening 100 Pokemon 30th Celebration Packs #pokemon #30thcelebration #fyp #viral #trending,,https://www.tiktok.com/@jacobcarbreslin/video/7689887895968075022
pokemon sammler,English,2026-09-24,2026-10-03,bamfies,bamf,572100,89500,345,866,"Collecting an Illustration Card for ALL 1,025 Pokemon… (Episode 235) #pokemontcg",,https://www.tiktok.com/@bamfies/video/7689028149170015518
pokemon sammler,English,2026-09-30,2026-10-03,bamfies,bamf,557100,88700,384,1016,"Collecting an Illustration Card for ALL 1,025 Pokemon… (Episode 241) #pokemontcg",,https://www.tiktok.com/@bamfies/video/7691293226241756446
pokemon sammler,English,2026-09-22,2026-10-03,trainerunknown,Trainer Unknown,555500,67700,162,4589,"BRAND NEW MISSION! WE ARE BACK Collecting EVERY. SINGLE. PUDGEMON! Pudgemon 2nd Serving! @puffyparody 

#pokemonparody #pokemoncards #pokemon #tcgpokemon #tcgcommunity",,https://www.tiktok.com/@trainerunknown/video/7688179547358973215
pokemon sammler,English,2026-09-29,2026-10-03,atlas_customs_tcg,Atlas Customs,455600,68000,1630,3356,"This is one of my favorite card show memories to date. l'l never forget pulling the charizard SIR for my good buddy over @shinyvaultcreations, they do awesome custom painted binders if you're in the market for one! #pokemoncollector #pokefam #pokemoncards #pokemonpulls #wholesome less",,https://www.tiktok.com/@atlas_customs_tcg/video/7690762086598642957
pokemon sammelkarten,English,2026-09-28,2026-10-03,bamfies,bamf,360000,41000,209,622,"Collecting an Illustration Card for ALL 1,025 Pokemon… (Episode 239) #pokemontcg",,https://www.tiktok.com/@bamfies/video/7690544032195349791
pokemon sammler,English,2026-09-25,2026-10-03,anniesbucketlist,Anniesbucketlist,356500,23700,164,4550,"Unboxing the Pokémon 30th Anniversary Celebration Futuristic Commemorative Gift Box. This is one for the collectors ❤️

The futuristic iridescent design by YOSHIROTTEN is EVERYTHING

#pokemon30th #pokemon30thanniversary #pokemon30thcelebration #pokemonfuturisticbox #futuristicbox unboxing Pokémon Futuristic, Pikachu futuristic, futuristic Pikachu",,https://www.tiktok.com/@anniesbucketlist/video/7689289452727930132
pokemon 30 jubiläum,English,2026-09-16,2026-10-03,pokemongirlyxo6,pokemongirlyxo,313800,11100,234,1418,"NO FREAKING WAY!!! 

#rgbmew #pokemon30thanniversary",,https://www.tiktok.com/@pokemongirlyxo6/video/7686075315814173972
booster öffnen,English,2026-09-03,2026-10-03,ericrips,ericrips,293000,22300,336,711,"I might regret this! 😭 Opening Pokemon 151 Booster Bundle Display 🔥🔥

#pokemon151 #pokemon #pokemoncards",,https://www.tiktok.com/@ericrips/video/7681350699455614239
pokemon sammlung,English,2026-08-07,2026-10-03,vaporeongirl134,Vaporeon Girl,286900,35700,693,1015,"In 2024 I started to seriously focus on completing my Vaporeon Master Set.
And now that my set is complete, I need something new to collect.
Should I do a Jolteon Master Set?

#jolteon #vaporeon #pokemon #pokemoncards #pokemoncommunity",,https://www.tiktok.com/@vaporeongirl134/video/7671306885437394190
pokemon 30 jubiläum,English,2026-09-23,2026-10-03,pokreate,pokreate,267400,14000,115,2582,"First Pokémon 30th Anniversary Artwork ✨
Triple Meowth for begin 🎶
BIG PROMO WEEK - 40% OFF ALL POKEMON ARTWORK 💥
Link in bio 📲
#pokemon #pokemontiktok #pokemontcg #pokemoncommunity #pokemonfan",,https://www.tiktok.com/@pokreate/video/7688810456814800161
pokemon sammlung,English,2026-08-01,2026-10-03,aheedcraftsman,Financial Funny Moment,214100,3458,62,56,How I got Rich from this forgotten pokemon collection #pokemon #pokemontcg #pokemoncollection #pokemoncards #fyp,,https://www.tiktok.com/@aheedcraftsman/video/7668857225577843981
pokemon sammlung,English,2026-07-29,2026-10-03,emilysclefairy,emilysclefairy,211200,32100,364,1523,so excited to keep growing my collection 🤍🤍#pokemon #pokemoncards #pokemontiktok #bindertour #pokemoncommunity,,https://www.tiktok.com/@emilysclefairy/video/7667996858286869773
pokemon sammlung,English,2026-08-22,2026-10-03,r1leyhits_tcg,r1leyhits_tcg,177300,5566,424,173,#pokemon #pokemoncards #collection,,https://www.tiktok.com/@r1leyhits_tcg/video/7676897056287608067
pokemon 30 jubiläum,English,2026-09-25,2026-10-03,i_am_ariel06,Ariel Fiallo González,176300,33300,342,4424,Happy 30th anniversary 🥹 #pokemon #pokemonfan #pokemoncommunity #pokemontiktok #fyp,,https://www.tiktok.com/@i_am_ariel06/video/7689610176516656397
pokemon 30 jubiläum,English,2026-10-02,2026-10-03,therealshadykady,The Real Shady Kady,174400,16800,297,2689,Second big wave of Pokémon 30th celebration drop #pokemon #fyp #foryoupage #pokemoncards #target,,https://www.tiktok.com/@therealshadykady/video/7692086740160351518
pokemon karten öffnen,English,2026-09-30,2026-10-03,tcgpwollermon,tcgpWollermon,151000,14600,230,339,"THE NEW SET IS OUT!!?!? 
Opening 10 Pokemon TCG Pocket Packs Deluxe Pack Mega
#tcgpocket #tcgpokemon #pokemon #pokemoncard #pokemoncommunity",,https://www.tiktok.com/@tcgpwollermon/video/7691421148759788833
pokemon karten,English,2026-09-29,2026-10-03,brooks.and.daddy,Brooks and Daddy,129800,1990,79,107,30th Anniversary is crazy!!!!#mewtwo #pokemontiktok #pokemon30thanniversary #pokemontcg #pokemoncards,,https://www.tiktok.com/@brooks.and.daddy/video/7691101612873501983
pokemon sammler,English,2026-09-25,2026-10-03,shinypocketjohn,shinypocketjohn,81300,4266,229,629,"Needed Space for 30th 🤷
•
Nothing is for sale, everything will be opened but I like to have a beautiful whole lot of many things to open! Givvy at 1k maybe? Dunno 🤷 
•
#pokemoncards #pokemon #pokemontcg #asmr #pokemoncollector",,https://www.tiktok.com/@shinypocketjohn/video/7689621241535171872
pokemon karten öffnen,English,2026-10-02,2026-10-03,the.dew.boys,The Dew Boys,76800,6316,74,637,Opening the new 30th Celebration mini tins! #pokemoncards #pokemontiktok #pokemoncommunity #pokemon #deadpool,,https://www.tiktok.com/@the.dew.boys/video/7692103185149742367
pokemon 30 jubiläum,English,2026-10-02,2026-10-03,nicolegood33,Nicole Good,70700,8757,194,927,THIS IS WHAT ITS ALL ABOUT 🥹❤️ #pokemon #30thcelebration #pokemon30thanniversary @KykyRips hot hands??,,https://www.tiktok.com/@nicolegood33/video/7692124537932057870
pokemon sammler,English,2026-10-01,2026-10-03,hldcardsandcollectibles,HLD Cards,69200,7322,95,72,What’s in MY binder? ft. Coop’s Collection! #pokemon #collection #pokemontiktok #pokemoncards #fyp,,https://www.tiktok.com/@hldcardsandcollectibles/video/7691769542875417886
pokemon sammlung,English,2026-10-01,2026-10-03,bamfies,bamf,66800,11500,100,108,"Collecting an Illustration Card for ALL 1,025 Pokemon… (Episode 242) #pokemontcg",,https://www.tiktok.com/@bamfies/video/7691662937827577119
pokemon booster öffnen,English,2026-09-28,2026-10-03,fiddyrhett,𝕱𝖎𝖉𝖉𝖞𝖗𝖍𝖊𝖙𝖙 🕸,62600,3009,87,134,I opened an evolving skies half booster box and packed this … #pokemon #pokemontcg,,https://www.tiktok.com/@fiddyrhett/video/7690673932285791510
pokemon booster öffnen,English,2026-09-27,2026-10-03,pokeripper1,PokeRipper,58700,2820,53,72,Chaos Rising Booster Bundle! #pokemoncardsopening #pokemontcg #pokemonunboxing #chaosrising,,https://www.tiktok.com/@pokeripper1/video/7690036623307787551
pokemon sammler,English,2026-10-02,2026-10-03,vaultedloot,Vaulted Loot,55000,124,3,5,Join our live to get your own 30th packs to rip 👀 #vaultedloot #pokemon #30thanniversary #pokemoncelebrations,,https://www.tiktok.com/@vaultedloot/video/7692181657473781006
pokemon 30 jubiläum,English,2026-10-03,2026-10-03,kykyrips,KykyRips,53400,3223,385,80,Opening 30th Celebration Booster Bundles #pokemoncards,,https://www.tiktok.com/@kykyrips/video/7692237663042129182
pokemon karten,English,2026-10-01,2026-10-03,mews,Mews,47000,3442,36,441,Unhealthy addiction to Pokemon cards 😭 #pokemon #tcg #mew #prank #funny,,https://www.tiktok.com/@mews/video/7691714025150745886
seltene pokemon karten,English,2026-10-02,2026-10-03,shinycardboardcollector,shinycardboardcollector,34900,1359,12,67,"THE RAREST PIKACHU WE OWN…
•
•
•
•
#pokemoncards #pokemon #pokemontiktok #pokemontcg #pokemonchannel",,https://www.tiktok.com/@shinycardboardcollector/video/7691984133681138965
pokemon sammler,English,2026-09-27,2026-10-03,runningtotherip,Runningtotherip🔥🏃‍♂️,23000,478,6,18,"Pack Collector Shopping For Best Price! ⚡️📦
A collector stopped by the booth today looking to hunt down some packs that he is missing for his collection.
After a quick, fair negotiation, we locked in a price. 🏷️✨ Then came those famous words every vendor hears on the floor: ""Mind if i circle back?"" 🚶‍♂️💭
Be honest in the comments: when you tell a vendor you're going to ""Circle back,"" do you actually go back, or do you find something else on the floor?
#Pokemon #SealedProduct #VendorPOV #PokemonSuitGuys #Runningtotherip",,https://www.tiktok.com/@runningtotherip/video/7690323018341469453
pokemon 30 jubiläum,English,2026-10-02,2026-10-03,collecting.wisely,collecting.wisely,19100,1324,24,642,"If you see these cards appearing as the first card in your 30th Celebrations pack, congrats! 💖 

Save this card list:
Exeggcute
Volbeat
Cherrim
Ninetales
Victini
Lapras
Zapdos
Toxel
Azumarill
Espeon
Cosmoem
Gimmighoul
Lycanroc
Nidorina
Zoroark
Zweilous
Galarian Meowth
Hakamo-o
Ditto
Igglybuff
Hisuian Zoroark
Minior
Maushold

For detailed analysis, comment ""breakdown"" and I'll send you the resource.

#pokemon #pokemontcg #pokemoncard #pokemoncommunity #pokemoncollector #cardcollector #tradingcards #poketok #pokemontiktok #fyp #shorts #reels #gottacatchemall #tcg #tcgpokemoncards",,https://www.tiktok.com/@collecting.wisely/video/7691988644558540040
pokemon booster öffnen,English,2026-10-02,2026-10-03,ericrips,ericrips,17700,874,64,25,"OPENING POKEMON 30TH BOOSTER BUNDLE 🔥🔥 Got some great hits!! 

#pokemon #pokemoncards #pokemon30th #mewtwo",,https://www.tiktok.com/@ericrips/video/7692111292466760990
pokemon booster öffnen,English,2026-10-02,2026-10-03,zeecards,Zee Cards,14900,439,5,25,New 30th Celebration Booster Bundles! Hits Only Episode 246 #pokemoncards #pokemontcg,,https://www.tiktok.com/@zeecards/video/7692178072195337502
pokemon sammler,English,2026-09-30,2026-10-03,collectorclipz,Clipz,13600,305,38,110,"It’s Too Early To Buy Pokemon 30th Singles
YouTube: Alpha Investments
Video: “Pokemon Peaked 4 Months Ago”

#pokemoncards #pokemon30thanniversary #pokemoncollector #pokemonswordshield #pokemoncollection",,https://www.tiktok.com/@collectorclipz/video/7691285994162654494
pokemon sammler,English,2026-09-30,2026-10-03,pastorpulls,pastorpulls,11900,556,75,17,"MY BEST BOX I’VE OPENED 🤯

Pokémon’s 30th anniversary is my favorite set of 2026!

#pokemon",,https://www.tiktok.com/@pastorpulls/video/7691429022231710990
pokemon 30 jubiläum,English,2026-10-02,2026-10-03,elipokerips,Eli,11100,1239,58,24,30th Celebration Booster Bundles are GOATED #pokemoncards #pokemontcg,,https://www.tiktok.com/@elipokerips/video/7692186691183906079
pokemon 30 jubiläum,English,2026-10-02,2026-10-03,sujoee,sunee,10800,567,29,19,"KISS THE PACK 😾 30th celebrations mini tin!! #pokemon #pokemonpackopening 
#creatorsearchinsights #pokemon30thanniversaryreleases #30thcelebrationsminitin",,https://www.tiktok.com/@sujoee/video/7691876317951823135
pokemon sammler,English,2026-10-01,2026-10-03,selinaji941,selinaji941,7772,515,0,6,"She is the world’s only Wurmple collector 😅
#vendorpov #cardshow #pokemoncards #pokemontcg #scalpe",,https://www.tiktok.com/@selinaji941/video/7691706533096344846
pokemon booster öffnen,English,2026-09-29,2026-10-03,obsidianpokeripsu,ObsidianPokeRipsUK,7465,105,7,19,"🔥 Pokémon 30th Booster Bundle = ABSOLUTE FIRE! 🔥

We cracked open 6 packs and somehow pulled 3 hits from 6! 😍🔥

These booster bundles are treating us VERY nicely so far 👀

⚡ Watch until the end to see all the hits… including a CLASSIC pull that made this opening even better! 🤩

Are the 30th Booster Bundles the best product to rip from the set?! 👀👇

#Pokemon30th #PokemonTCG #PokemonCards #PokemonOpening #pokemonhits",,https://www.tiktok.com/@obsidianpokeripsu/video/7691072350594338081
pokemon booster öffnen,English,2026-10-02,2026-10-03,zapdoszachtcg,ZapdosZachTCG ⚡️,6877,292,48,7,"30th anniversary booster bundle. 

& a little moan about Smyth’s changing the opening hours to 8:00am without thinking it through! 

#Pokemon #PokemonTCG #PokemonCommunity #PokemonCards #PokemonCards",,https://www.tiktok.com/@zapdoszachtcg/video/7692016111612595478
pokemon sammler,English,2026-09-30,2026-10-03,jga_151,Jamie 151 | Pokémon Nerd 🐉,6628,592,86,11,"These are three signs that I think mean you’re a good Pokémon card collector! 

#pokémon #pokemoncards",,https://www.tiktok.com/@jga_151/video/7691383186927930656
pokemon sammlung,English,2026-08-11,2026-10-03,whattodowhattodoo,Linds,6614,217,38,5,I found my Pokemon cards from 2000-2006… now I need to figure out what I actually have! #pokemon #pokemoncard #PokemonTCG #pokemoncollection,,https://www.tiktok.com/@whattodowhattodoo/video/7672854928058010910
pokemon sammler,English,2026-10-02,2026-10-03,runningtotherip,Runningtotherip🔥🏃‍♂️,6522,95,1,2,"Ripping A Vintage Pack To Prove It’s Real! 😱📦
A collector pulled up to the booth with a massive stack of Topps Series 1 Pokemon packs and a sealed Topps First Movie Booster Box! 🎬⚡️
Because vintage product is heavily targeted by resealers and fakes, we needed 100% certainty before buying. We asked ""Can we rip open a pack to make sure they are real?"" 🔍📄
Would you let a vendor open one pack from your sealed lot to verify authenticity if it meant closing a deal? Drop your take below! 👇📦
#Pokemon #SealedProduct #VendorPOV #PokemonSuitGuys #Runningtotherip",not Pokémon,https://www.tiktok.com/@runningtotherip/video/7692039680576982285
pokemon 30 jubiläum,English,2026-09-29,2026-10-03,ehhbhai_tcg,ehhbhai_tcg,4556,106,9,12,RGB Mew 30th Anniversary insane pull #pokemon #30thcelebration #tcg #mew,,https://www.tiktok.com/@ehhbhai_tcg/video/7691024619603545358
pokemon sammelkarten,English,2026-10-02,2026-10-03,sinnohsister,byrd,4451,488,60,22,WE WENT 4/4!!! these tins were INSANE✨❤️ i am so pumped about these pulls!! comment what you pulled from your bundles and tins! #pokemoncards #pokemontiktok #pokemoncommunity #pokemon,,https://www.tiktok.com/@sinnohsister/video/7692097811717836045
pokemon booster öffnen,English,2026-08-22,2026-10-03,pokenoob23,pokenoob23,4430,116,6,81,Join me on opening an Shiny Star V Japanese Pokemon Booster Box. Was it worth opening or should i have kept it sealed.. #pokemon #packopening #shinystarv #pokemontcg #pikachu,,https://www.tiktok.com/@pokenoob23/video/7676816889699372306
pokemon booster öffnen,English,2026-10-02,2026-10-03,mrdenku,Ben,4037,141,20,22,"THE CRAZIEST POKEMON 30th ANNIVERSARY BUNDLE EVER?!?!? 😱😱😱
#pokemon #pokemonpulls",,https://www.tiktok.com/@mrdenku/video/7692005973082393878
pokemon 30 jubiläum,English,2026-10-02,2026-10-03,acetrainerchu,AceTrainerChu,2912,116,13,3,"ANOTHER MID CHASE PULLED FROM POKEMON 30TH ANNIVERSARY BUNDLES!

#pokemon #pokemontiktok #pokemoncommunity #pokemon30thanniversary",,https://www.tiktok.com/@acetrainerchu/video/7692205254552603917
pokemon sammlung,English,2026-09-28,2026-10-03,ducksskin,duckie 🎀,2837,236,4,9,"my newest collection is sylveon! it’s really small but i’m happy with what i have

.
#pokemon #pokemoncards #sylveon #sylveonpokemon #cardbinder",,https://www.tiktok.com/@ducksskin/video/7690650204151876877
pokemon karten öffnen,English,2026-10-01,2026-10-03,24karatcrew,𝟮𝟰𝗞𝗮𝗿𝗮𝘁𝗖𝗿𝗲𝘄,2611,166,23,48,Opening Pokemon Cards For People In Need🥺🍽️ #24KaratCrew #pokemon #pokemoncards #kindness #food,,https://www.tiktok.com/@24karatcrew/video/7691846506231434527
pokemon 30 jubiläum,English,2026-10-02,2026-10-03,kyulani,kyulani,2385,168,8,4,idk what’s wrong with the audio but YAY 30th bundles are here #pokemon #pokemoncards,,https://www.tiktok.com/@kyulani/video/7692185384209468703
pokemon booster öffnen,English,2026-10-02,2026-10-03,sammycripz,SammyRipz,1671,96,7,2,Brand New 30th Anniversary Booster Bundle Opening! Crazy hit rates 🔥#pokemoncards #pokemon #fyp,,https://www.tiktok.com/@sammycripz/video/7692175099083951391
pokemon sammler,English,2026-09-30,2026-10-03,luvsylveon,luvsylveon,1668,341,6,12,!! #pokemon #pokemontiktok #pokemoncommunity #pokemoncards #cutepokemon,,https://www.tiktok.com/@luvsylveon/video/7691280987526892822
pokemon booster öffnen,English,2026-10-02,2026-10-03,kina03x,⋆. ✿ 𝘗𝘰𝘬𝘦𝘬𝘪𝘯𝘢 𐙚˚,1602,107,17,5,"Happy 2nd round of the 30th Anniversary guys! ⸜(｡˃ ᵕ ˂ )⸝♡

Let’s unbox some Pokemon TCG 30th Celebration mini tin + booster bundle box and rip some packs together! 🎀📦

Managed to score these at Big W today (woke up at 5.30 am btw 😭) and I’ve still got more on the way next week! 📪

Like I said before, this set is SO fun to rip because literally every card feels like a hit to me 💗 I’m so happy I finally got Darkrai! Now I just need to pull Cresselia ദ്ദി ˉ͈̀꒳ˉ͈́ )✧

Also funny story… I’ve pulled Moltres in FOUR languages now: Chinese, Japanese, Thai and now English LMAOO HE LOVES ME FR 😭

#pokemon #pokemontcg #pokemoncards #unboxing #pokemon30thanniversary",,https://www.tiktok.com/@kina03x/video/7691991589513612564
pokemon booster öffnen,English,2026-10-02,2026-10-03,hiddendevilspodcast,Hidden Devils 👹,1459,22,1,4,Opening a 30th anniversary Booster Bundle #pokemon30 #pokemontcg #pokemon,,https://www.tiktok.com/@hiddendevilspodcast/video/7692103940720053525
pokemon karten öffnen,English,2026-09-30,2026-10-03,basicallyaddicted,basicallyaddicted,1344,15,3,0,"Take a shot every time I 😮
36 packs - only showing hits ✨
#pokemoncardopening #pokemon30thanniversary",,https://www.tiktok.com/@basicallyaddicted/video/7691332091803471118
seltene pokemon karten,English,2026-10-02,2026-10-03,momohd107,PokeTalksHasan,875,38,6,0,"The lapras illustration rare from 30th anniversary celebration sett is just such a lovely card, I’m a huge fan of amelicart #pokemontcg #pokemonart #pokemoncollector #pokemoncelebrations #lapras",,https://www.tiktok.com/@momohd107/video/7692161339514424590
pokemon 30 jubiläum,English,2026-10-02,2026-10-03,robaratti94,Robaratti,740,29,5,1,"Pokémon 30th Anniversary at Barnes and Noble?! We lit 🔥 
One per person good job Barnes 💪🏼 

#pokemontcg #pokemon30thanniversary #pokemoncards #pokemon #pokemontiktok",,https://www.tiktok.com/@robaratti94/video/7692111813797760286
pokemon 30 jubiläum,English,2026-10-02,2026-10-03,houstontcg,HoustonTCG,607,27,0,0,FINALLY ripping into a 30th Celebration ETB 🔥  #pokemoncards #pokemontiktok #30thcelebrationpokemon,,https://www.tiktok.com/@houstontcg/video/7692131365478796558
pokemon sammelkarten,English,2026-10-02,2026-10-03,golakhalot8,golakhalot,533,20,1,0,#pokemontcg #pokemon #pokemoncommunity,,https://www.tiktok.com/@golakhalot8/video/7691243540139035918
seltene pokemon karten,English,2026-10-02,2026-10-03,itsvikashem,Vika Shem,511,25,4,1,Any other good cards in here that I missed?? 😅 I’m still new to this… #pokemon #pokemoncards #pokemoncardsopening #pokemonpulls #pokemonvendingmachine,,https://www.tiktok.com/@itsvikashem/video/7692157158275730701
booster öffnen,English,2026-09-28,2026-10-03,wildflowers.wildpokemon,Wildflowers & Wild Pokémon,397,6,0,0,"The 30th Celebration boosters have been WAY too good to us… and now we can’t stop opening them 😅⚡️ Just one more pack, right? 👀

#PokemonTCG #Pokemon30thAnniversary #pokemon #rippingpacks #pokemoncards",,https://www.tiktok.com/@wildflowers.wildpokemon/video/7690551164026260750
booster öffnen,English,2026-09-19,2026-10-03,cortes_collects,cortes_collects,385,15,0,0,Opening booster packs #30thanniversary #tcg #fyp #vir #pokemon,,https://www.tiktok.com/@cortes_collects/video/7687060860765818142
booster öffnen,English,2026-09-27,2026-10-03,gamingfamily55,GamingFamily,315,26,8,19,#pokemontiktok #fy #boosterpokemon #tradingcardgame #tcg,,https://www.tiktok.com/@gamingfamily55/video/7690104199375342880
pokemon booster öffnen,English,2026-09-28,2026-10-03,saviorofcows,saviorofcows,308,8,0,0,Opening my first ever Pokémon booster pack! Starting with the 30th anniversary set! Prices from TCGplayer. #pokemon #pokemontiktok #pokemoncards #pokemoncommunity,,https://www.tiktok.com/@saviorofcows/video/7690467318895217950
pokemon booster öffnen,English,2026-09-23,2026-10-03,daniellecallo,Danielle,243,10,2,0,"30th Anniversary ETB Opening – Part 2! 🎉⚡️

We're back with Part 2 of our 30th Anniversary Elite Trainer Box opening! 🤩 The packs keep coming, and we're still chasing those incredible pulls.

Do you think the best card is still hiding in the box? 👀🍀 Let's find out!

What's been your best pull from the 30th Anniversary set so far? 👇

#Pokemon30th #PokemonTCG #EliteTrainerBox #PackOpening #PokemonCards",,https://www.tiktok.com/@daniellecallo/video/7688770039985540365
pokemon booster öffnen,English,2026-10-02,2026-10-03,bigshilloffical,Big Shill,225,4,2,2,Pokemon 30th Anniversary booster bundle. Did we pull a banger or some poop? #pokemoncards #pokemontiktok #unboxing,,https://www.tiktok.com/@bigshilloffical/video/7692109312012848397
pokemon booster öffnen,English,2026-09-20,2026-10-03,jarheadduelist87,JarheadDuelist87,188,15,0,0,"Opening my very first Pokémon 30th Anniversary booster pack! 🎉🔥 Let’s see if we can pull something legendary! 🍀✨

#Pokemon30thAnniversary #PokemonTCG #PokemonCards #PackOpening #PokemonPulls",,https://www.tiktok.com/@jarheadduelist87/video/7687751447785655582
pokemon 30 jubiläum,English,2026-10-03,2026-10-03,queeneecali,Mrs.QueenAngel,161,7,0,1,@realtorprettymami @Pokémon/ポケモン【公式】 @Pokémon Company Int’l #fypシ゚viral #fyppppppppppppppppppppppp #viral #rare #pokemon30thanniversary,,https://www.tiktok.com/@queeneecali/video/7692248542571908366
seltene pokemon karten,English,2026-08-06,2026-10-03,themarrman,TheMarrMan,150,8,2,1,"It’s always the luck in that last pack! Super cool ultra rare today (also he’s convinced he pulled that card because you all liked the video so much.  So please like this video so I can tell him he was right!) 

*I recorded this before we decided to sell our extras!! The slowbro IR is sold and gone now! Please reach out if interested in any of our other extras!!* doing this helps us to be able to afford more packs/cards Levi still needs for the set!! Any support is helpful and appreciated even if just pressing all the buttons and following our acccount! 

Backstory/how we got here: A month ago my son had 2000 random pokemon cards in all kinds of random boxes all over his room. He would spend hours reading them. Studying them. Organizing them.  My husband and I decided to take him to a local TCG event.  The week that pitch black came out. He immediately participated in a “rip til you hit” for pitch black and he was HOOKED. He talked to several of the venders there about their sets and master setting and decided to buy the pitch black ETB before leaving.   After the ETB it was game over.  All he cares to watch is pokemon cards. Not just pitch black. Every set. Every card. He has loved every part of learning about this hobby.  He has been saving money from different garage sales we have had and today I let him buy a booster box. Please follow as we go through this box and help me support this fun little hobby of his. also any tips about master setting/ collecting are super welcome!! #pokemon #pokemoncards #pitchblack #fyp",,https://www.tiktok.com/@themarrman/video/7671000864575802638
pokemon sammelkarten,English,2026-10-03,2026-10-03,thattcgkid,Thattcgkid,112,0,0,0,"Day 14 of 30 days of the 30th anniversary with a Sylveon tin!!
•
•
#pokemon #pokémon #30thcelebrations #30thcelebration #pokemoncards",,https://www.tiktok.com/@thattcgkid/video/7692263300989472014
pokemon sammelkarten,English,2026-10-03,2026-10-03,kemonoluci,Luci's Poke Room,25,0,0,0,#pokemoncards #30thcelebration #pokemontcg #pokemon #pokemoncommunity,,https://www.tiktok.com/@kemonoluci/video/7692264413537045773
seltene pokemon karten,other (ES/FR),2026-07-18,2026-10-03,brodycard13,Brodyshop,53900,550,154,11,"This Is rare ? I am rich ? 

#pokemoncards#pokemontiktok#CollectionneurPokémon#rarecard#rich",,https://www.tiktok.com/@brodycard13/video/7663936268622892321
pokemon karten öffnen,other (ES/FR),2026-10-01,2026-10-03,siremmanuelcooper,Emmanuel Cooper,15000,87,12,2,Mis primeros sobres pokemon!     #pokemon #pokemoncards #pokemontcg #unboxing #pokemonfan,,https://www.tiktok.com/@siremmanuelcooper/video/7691845136308915474
pokemon sammlung,other (ES/FR),2026-10-01,2026-10-03,tcgcollectionpkm,COLECTOR TCG 💎,1531,38,16,5,Comenta 30 #pokemon #coleccionista #30aniversariopokemon,,https://www.tiktok.com/@tcgcollectionpkm/video/7691803416720395533
seltene pokemon karten,other (ES/FR),2026-10-02,2026-10-03,sanocolored,SanoRed,238,14,0,0,#carte #pokemon #viral #lugia #dracaufeu,,https://www.tiktok.com/@sanocolored/video/7692209553298951456
